date,nom_jour_ferie,zones
2002-01-01,1er janvier,Métropole|Alsace-Moselle|Guadeloupe|Guyane|Martinique|Mayotte|Nouvelle-Calédonie|La Réunion|Polynésie Française|Saint-Barthélémy|Saint-Martin|Wallis-et-Futuna|Saint-Pierre-et-Miquelon
2002-03-29,Vendredi saint,Alsace-Moselle
2002-04-01,Lundi de Pâques,Métropole|Alsace-Moselle|Guadeloupe|Guyane|Martinique|Mayotte|Nouvelle-Calédonie|La Réunion|Polynésie Française|Saint-Barthélémy|Saint-Martin|Wallis-et-Futuna|Saint-Pierre-et-Miquelon
2002-04-27,Abolition de l'esclavage,Mayotte
2002-05-01,1er mai,Métropole|Alsace-Moselle|Guadeloupe|Guyane|Martinique|Mayotte|Nouvelle-Calédonie|La Réunion|Polynésie Française|Saint-Barthélémy|Saint-Martin|Wallis-et-Futuna|Saint-Pierre-et-Miquelon
2002-05-08,8 mai,Métropole|Alsace-Moselle|Guadeloupe|Guyane|Martinique|Mayotte|Nouvelle-Calédonie|La Réunion|Polynésie Française|Saint-Barthélémy|Saint-Martin|Wallis-et-Futuna|Saint-Pierre-et-Miquelon
2002-05-09,Ascension,Métropole|Alsace-Moselle|Guadeloupe|Guyane|Martinique|Mayotte|Nouvelle-Calédonie|La Réunion|Polynésie Française|Saint-Barthélémy|Saint-Martin|Wallis-et-Futuna|Saint-Pierre-et-Miquelon
2002-05-20,Lundi de Pentecôte,Métropole|Alsace-Moselle|Guadeloupe|Guyane|Martinique|Mayotte|Nouvelle-Calédonie|La Réunion|Polynésie Française|Saint-Barthélémy|Saint-Martin|Wallis-et-Futuna|Saint-Pierre-et-Miquelon
2002-05-22,Abolition de l'esclavage,Martinique
2002-05-27,Abolition de l'esclavage,Guadeloupe|Saint-Martin
2002-06-10,Abolition de l'esclavage,Guyane
2002-07-14,14 juillet,Métropole|Alsace-Moselle|Guadeloupe|Guyane|Martinique|Mayotte|Nouvelle-Calédonie|La Réunion|Polynésie Française|Saint-Barthélémy|Saint-Martin|Wallis-et-Futuna|Saint-Pierre-et-Miquelon
2002-08-15,Assomption,Métropole|Alsace-Moselle|Guadeloupe|Guyane|Martinique|Mayotte|Nouvelle-Calédonie|La Réunion|Polynésie Française|Saint-Barthélémy|Saint-Martin|Wallis-et-Futuna|Saint-Pierre-et-Miquelon
2002-10-09,Abolition de l'esclavage,Saint-Barthélémy
2002-11-01,Toussaint,Métropole|Alsace-Moselle|Guadeloupe|Guyane|Martinique|Mayotte|Nouvelle-Calédonie|La Réunion|Polynésie Française|Saint-Barthélémy|Saint-Martin|Wallis-et-Futuna|Saint-Pierre-et-Miquelon
2002-11-11,11 novembre,Métropole|Alsace-Moselle|Guadeloupe|Guyane|Martinique|Mayotte|Nouvelle-Calédonie|La Réunion|Polynésie Française|Saint-Barthélémy|Saint-Martin|Wallis-et-Futuna|Saint-Pierre-et-Miquelon
2002-12-20,Abolition de l'esclavage,La Réunion
2002-12-25,Jour de Noël,Métropole|Alsace-Moselle|Guadeloupe|Guyane|Martinique|Mayotte|Nouvelle-Calédonie|La Réunion|Polynésie Française|Saint-Barthélémy|Saint-Martin|Wallis-et-Futuna|Saint-Pierre-et-Miquelon
2002-12-26,2ème jour de Noël,Alsace-Moselle
2003-01-01,1er janvier,Métropole|Alsace-Moselle|Guadeloupe|Guyane|Martinique|Mayotte|Nouvelle-Calédonie|La Réunion|Polynésie Française|Saint-Barthélémy|Saint-Martin|Wallis-et-Futuna|Saint-Pierre-et-Miquelon
2003-04-18,Vendredi saint,Alsace-Moselle
2003-04-21,Lundi de Pâques,Métropole|Alsace-Moselle|Guadeloupe|Guyane|Martinique|Mayotte|Nouvelle-Calédonie|La Réunion|Polynésie Française|Saint-Barthélémy|Saint-Martin|Wallis-et-Futuna|Saint-Pierre-et-Miquelon
2003-04-27,Abolition de l'esclavage,Mayotte
2003-05-01,1er mai,Métropole|Alsace-Moselle|Guadeloupe|Guyane|Martinique|Mayotte|Nouvelle-Calédonie|La Réunion|Polynésie Française|Saint-Barthélémy|Saint-Martin|Wallis-et-Futuna|Saint-Pierre-et-Miquelon
2003-05-08,8 mai,Métropole|Alsace-Moselle|Guadeloupe|Guyane|Martinique|Mayotte|Nouvelle-Calédonie|La Réunion|Polynésie Française|Saint-Barthélémy|Saint-Martin|Wallis-et-Futuna|Saint-Pierre-et-Miquelon
2003-05-22,Abolition de l'esclavage,Martinique
2003-05-27,Abolition de l'esclavage,Guadeloupe|Saint-Martin
2003-05-29,Ascension,Métropole|Alsace-Moselle|Guadeloupe|Guyane|Martinique|Mayotte|Nouvelle-Calédonie|La Réunion|Polynésie Française|Saint-Barthélémy|Saint-Martin|Wallis-et-Futuna|Saint-Pierre-et-Miquelon
2003-06-09,Lundi de Pentecôte,Métropole|Alsace-Moselle|Guadeloupe|Guyane|Martinique|Mayotte|Nouvelle-Calédonie|La Réunion|Polynésie Française|Saint-Barthélémy|Saint-Martin|Wallis-et-Futuna|Saint-Pierre-et-Miquelon
2003-06-10,Abolition de l'esclavage,Guyane
2003-07-14,14 juillet,Métropole|Alsace-Moselle|Guadeloupe|Guyane|Martinique|Mayotte|Nouvelle-Calédonie|La Réunion|Polynésie Française|Saint-Barthélémy|Saint-Martin|Wallis-et-Futuna|Saint-Pierre-et-Miquelon
2003-08-15,Assomption,Métropole|Alsace-Moselle|Guadeloupe|Guyane|Martinique|Mayotte|Nouvelle-Calédonie|La Réunion|Polynésie Française|Saint-Barthélémy|Saint-Martin|Wallis-et-Futuna|Saint-Pierre-et-Miquelon
2003-10-09,Abolition de l'esclavage,Saint-Barthélémy
2003-11-01,Toussaint,Métropole|Alsace-Moselle|Guadeloupe|Guyane|Martinique|Mayotte|Nouvelle-Calédonie|La Réunion|Polynésie Française|Saint-Barthélémy|Saint-Martin|Wallis-et-Futuna|Saint-Pierre-et-Miquelon
2003-11-11,11 novembre,Métropole|Alsace-Moselle|Guadeloupe|Guyane|Martinique|Mayotte|Nouvelle-Calédonie|La Réunion|Polynésie Française|Saint-Barthélémy|Saint-Martin|Wallis-et-Futuna|Saint-Pierre-et-Miquelon
2003-12-20,Abolition de l'esclavage,La Réunion
2003-12-25,Jour de Noël,Métropole|Alsace-Moselle|Guadeloupe|Guyane|Martinique|Mayotte|Nouvelle-Calédonie|La Réunion|Polynésie Française|Saint-Barthélémy|Saint-Martin|Wallis-et-Futuna|Saint-Pierre-et-Miquelon
2003-12-26,2ème jour de Noël,Alsace-Moselle
2004-01-01,1er janvier,Métropole|Alsace-Moselle|Guadeloupe|Guyane|Martinique|Mayotte|Nouvelle-Calédonie|La Réunion|Polynésie Française|Saint-Barthélémy|Saint-Martin|Wallis-et-Futuna|Saint-Pierre-et-Miquelon
2004-04-09,Vendredi saint,Alsace-Moselle
2004-04-12,Lundi de Pâques,Métropole|Alsace-Moselle|Guadeloupe|Guyane|Martinique|Mayotte|Nouvelle-Calédonie|La Réunion|Polynésie Française|Saint-Barthélémy|Saint-Martin|Wallis-et-Futuna|Saint-Pierre-et-Miquelon
2004-04-27,Abolition de l'esclavage,Mayotte
2004-05-01,1er mai,Métropole|Alsace-Moselle|Guadeloupe|Guyane|Martinique|Mayotte|Nouvelle-Calédonie|La Réunion|Polynésie Française|Saint-Barthélémy|Saint-Martin|Wallis-et-Futuna|Saint-Pierre-et-Miquelon
2004-05-08,8 mai,Métropole|Alsace-Moselle|Guadeloupe|Guyane|Martinique|Mayotte|Nouvelle-Calédonie|La Réunion|Polynésie Française|Saint-Barthélémy|Saint-Martin|Wallis-et-Futuna|Saint-Pierre-et-Miquelon
2004-05-20,Ascension,Métropole|Alsace-Moselle|Guadeloupe|Guyane|Martinique|Mayotte|Nouvelle-Calédonie|La Réunion|Polynésie Française|Saint-Barthélémy|Saint-Martin|Wallis-et-Futuna|Saint-Pierre-et-Miquelon
2004-05-22,Abolition de l'esclavage,Martinique
2004-05-27,Abolition de l'esclavage,Guadeloupe|Saint-Martin
2004-05-31,Lundi de Pentecôte,Métropole|Alsace-Moselle|Guadeloupe|Guyane|Martinique|Mayotte|Nouvelle-Calédonie|La Réunion|Polynésie Française|Saint-Barthélémy|Saint-Martin|Wallis-et-Futuna|Saint-Pierre-et-Miquelon
2004-06-10,Abolition de l'esclavage,Guyane
2004-07-14,14 juillet,Métropole|Alsace-Moselle|Guadeloupe|Guyane|Martinique|Mayotte|Nouvelle-Calédonie|La Réunion|Polynésie Française|Saint-Barthélémy|Saint-Martin|Wallis-et-Futuna|Saint-Pierre-et-Miquelon
2004-08-15,Assomption,Métropole|Alsace-Moselle|Guadeloupe|Guyane|Martinique|Mayotte|Nouvelle-Calédonie|La Réunion|Polynésie Française|Saint-Barthélémy|Saint-Martin|Wallis-et-Futuna|Saint-Pierre-et-Miquelon
2004-10-09,Abolition de l'esclavage,Saint-Barthélémy
2004-11-01,Toussaint,Métropole|Alsace-Moselle|Guadeloupe|Guyane|Martinique|Mayotte|Nouvelle-Calédonie|La Réunion|Polynésie Française|Saint-Barthélémy|Saint-Martin|Wallis-et-Futuna|Saint-Pierre-et-Miquelon
2004-11-11,11 novembre,Métropole|Alsace-Moselle|Guadeloupe|Guyane|Martinique|Mayotte|Nouvelle-Calédonie|La Réunion|Polynésie Française|Saint-Barthélémy|Saint-Martin|Wallis-et-Futuna|Saint-Pierre-et-Miquelon
2004-12-20,Abolition de l'esclavage,La Réunion
2004-12-25,Jour de Noël,Métropole|Alsace-Moselle|Guadeloupe|Guyane|Martinique|Mayotte|Nouvelle-Calédonie|La Réunion|Polynésie Française|Saint-Barthélémy|Saint-Martin|Wallis-et-Futuna|Saint-Pierre-et-Miquelon
2004-12-26,2ème jour de Noël,Alsace-Moselle
2005-01-01,1er janvier,Métropole|Alsace-Moselle|Guadeloupe|Guyane|Martinique|Mayotte|Nouvelle-Calédonie|La Réunion|Polynésie Française|Saint-Barthélémy|Saint-Martin|Wallis-et-Futuna|Saint-Pierre-et-Miquelon
2005-03-25,Vendredi saint,Alsace-Moselle
2005-03-28,Lundi de Pâques,Métropole|Alsace-Moselle|Guadeloupe|Guyane|Martinique|Mayotte|Nouvelle-Calédonie|La Réunion|Polynésie Française|Saint-Barthélémy|Saint-Martin|Wallis-et-Futuna|Saint-Pierre-et-Miquelon
2005-04-27,Abolition de l'esclavage,Mayotte
2005-05-01,1er mai,Métropole|Alsace-Moselle|Guadeloupe|Guyane|Martinique|Mayotte|Nouvelle-Calédonie|La Réunion|Polynésie Française|Saint-Barthélémy|Saint-Martin|Wallis-et-Futuna|Saint-Pierre-et-Miquelon
2005-05-05,Ascension,Métropole|Alsace-Moselle|Guadeloupe|Guyane|Martinique|Mayotte|Nouvelle-Calédonie|La Réunion|Polynésie Française|Saint-Barthélémy|Saint-Martin|Wallis-et-Futuna|Saint-Pierre-et-Miquelon
2005-05-08,8 mai,Métropole|Alsace-Moselle|Guadeloupe|Guyane|Martinique|Mayotte|Nouvelle-Calédonie|La Réunion|Polynésie Française|Saint-Barthélémy|Saint-Martin|Wallis-et-Futuna|Saint-Pierre-et-Miquelon
2005-05-16,Lundi de Pentecôte,Métropole|Alsace-Moselle|Guadeloupe|Guyane|Martinique|Mayotte|Nouvelle-Calédonie|La Réunion|Polynésie Française|Saint-Barthélémy|Saint-Martin|Wallis-et-Futuna|Saint-Pierre-et-Miquelon
2005-05-22,Abolition de l'esclavage,Martinique
2005-05-27,Abolition de l'esclavage,Guadeloupe|Saint-Martin
2005-06-10,Abolition de l'esclavage,Guyane
2005-07-14,14 juillet,Métropole|Alsace-Moselle|Guadeloupe|Guyane|Martinique|Mayotte|Nouvelle-Calédonie|La Réunion|Polynésie Française|Saint-Barthélémy|Saint-Martin|Wallis-et-Futuna|Saint-Pierre-et-Miquelon
2005-08-15,Assomption,Métropole|Alsace-Moselle|Guadeloupe|Guyane|Martinique|Mayotte|Nouvelle-Calédonie|La Réunion|Polynésie Française|Saint-Barthélémy|Saint-Martin|Wallis-et-Futuna|Saint-Pierre-et-Miquelon
2005-10-09,Abolition de l'esclavage,Saint-Barthélémy
2005-11-01,Toussaint,Métropole|Alsace-Moselle|Guadeloupe|Guyane|Martinique|Mayotte|Nouvelle-Calédonie|La Réunion|Polynésie Française|Saint-Barthélémy|Saint-Martin|Wallis-et-Futuna|Saint-Pierre-et-Miquelon
2005-11-11,11 novembre,Métropole|Alsace-Moselle|Guadeloupe|Guyane|Martinique|Mayotte|Nouvelle-Calédonie|La Réunion|Polynésie Française|Saint-Barthélémy|Saint-Martin|Wallis-et-Futuna|Saint-Pierre-et-Miquelon
2005-12-20,Abolition de l'esclavage,La Réunion
2005-12-25,Jour de Noël,Métropole|Alsace-Moselle|Guadeloupe|Guyane|Martinique|Mayotte|Nouvelle-Calédonie|La Réunion|Polynésie Française|Saint-Barthélémy|Saint-Martin|Wallis-et-Futuna|Saint-Pierre-et-Miquelon
2005-12-26,2ème jour de Noël,Alsace-Moselle
2006-01-01,1er janvier,Métropole|Alsace-Moselle|Guadeloupe|Guyane|Martinique|Mayotte|Nouvelle-Calédonie|La Réunion|Polynésie Française|Saint-Barthélémy|Saint-Martin|Wallis-et-Futuna|Saint-Pierre-et-Miquelon
2006-04-14,Vendredi saint,Alsace-Moselle
2006-04-17,Lundi de Pâques,Métropole|Alsace-Moselle|Guadeloupe|Guyane|Martinique|Mayotte|Nouvelle-Calédonie|La Réunion|Polynésie Française|Saint-Barthélémy|Saint-Martin|Wallis-et-Futuna|Saint-Pierre-et-Miquelon
2006-04-27,Abolition de l'esclavage,Mayotte
2006-05-01,1er mai,Métropole|Alsace-Moselle|Guadeloupe|Guyane|Martinique|Mayotte|Nouvelle-Calédonie|La Réunion|Polynésie Française|Saint-Barthélémy|Saint-Martin|Wallis-et-Futuna|Saint-Pierre-et-Miquelon
2006-05-08,8 mai,Métropole|Alsace-Moselle|Guadeloupe|Guyane|Martinique|Mayotte|Nouvelle-Calédonie|La Réunion|Polynésie Française|Saint-Barthélémy|Saint-Martin|Wallis-et-Futuna|Saint-Pierre-et-Miquelon
2006-05-22,Abolition de l'esclavage,Martinique
2006-05-25,Ascension,Métropole|Alsace-Moselle|Guadeloupe|Guyane|Martinique|Mayotte|Nouvelle-Calédonie|La Réunion|Polynésie Française|Saint-Barthélémy|Saint-Martin|Wallis-et-Futuna|Saint-Pierre-et-Miquelon
2006-05-27,Abolition de l'esclavage,Guadeloupe|Saint-Martin
2006-06-05,Lundi de Pentecôte,Métropole|Alsace-Moselle|Guadeloupe|Guyane|Martinique|Mayotte|Nouvelle-Calédonie|La Réunion|Polynésie Française|Saint-Barthélémy|Saint-Martin|Wallis-et-Futuna|Saint-Pierre-et-Miquelon
2006-06-10,Abolition de l'esclavage,Guyane
2006-07-14,14 juillet,Métropole|Alsace-Moselle|Guadeloupe|Guyane|Martinique|Mayotte|Nouvelle-Calédonie|La Réunion|Polynésie Française|Saint-Barthélémy|Saint-Martin|Wallis-et-Futuna|Saint-Pierre-et-Miquelon
2006-08-15,Assomption,Métropole|Alsace-Moselle|Guadeloupe|Guyane|Martinique|Mayotte|Nouvelle-Calédonie|La Réunion|Polynésie Française|Saint-Barthélémy|Saint-Martin|Wallis-et-Futuna|Saint-Pierre-et-Miquelon
2006-10-09,Abolition de l'esclavage,Saint-Barthélémy
2006-11-01,Toussaint,Métropole|Alsace-Moselle|Guadeloupe|Guyane|Martinique|Mayotte|Nouvelle-Calédonie|La Réunion|Polynésie Française|Saint-Barthélémy|Saint-Martin|Wallis-et-Futuna|Saint-Pierre-et-Miquelon
2006-11-11,11 novembre,Métropole|Alsace-Moselle|Guadeloupe|Guyane|Martinique|Mayotte|Nouvelle-Calédonie|La Réunion|Polynésie Française|Saint-Barthélémy|Saint-Martin|Wallis-et-Futuna|Saint-Pierre-et-Miquelon
2006-12-20,Abolition de l'esclavage,La Réunion
2006-12-25,Jour de Noël,Métropole|Alsace-Moselle|Guadeloupe|Guyane|Martinique|Mayotte|Nouvelle-Calédonie|La Réunion|Polynésie Française|Saint-Barthélémy|Saint-Martin|Wallis-et-Futuna|Saint-Pierre-et-Miquelon
2006-12-26,2ème jour de Noël,Alsace-Moselle
2007-01-01,1er janvier,Métropole|Alsace-Moselle|Guadeloupe|Guyane|Martinique|Mayotte|Nouvelle-Calédonie|La Réunion|Polynésie Française|Saint-Barthélémy|Saint-Martin|Wallis-et-Futuna|Saint-Pierre-et-Miquelon
2007-04-06,Vendredi saint,Alsace-Moselle
2007-04-09,Lundi de Pâques,Métropole|Alsace-Moselle|Guadeloupe|Guyane|Martinique|Mayotte|Nouvelle-Calédonie|La Réunion|Polynésie Française|Saint-Barthélémy|Saint-Martin|Wallis-et-Futuna|Saint-Pierre-et-Miquelon
2007-04-27,Abolition de l'esclavage,Mayotte
2007-05-01,1er mai,Métropole|Alsace-Moselle|Guadeloupe|Guyane|Martinique|Mayotte|Nouvelle-Calédonie|La Réunion|Polynésie Française|Saint-Barthélémy|Saint-Martin|Wallis-et-Futuna|Saint-Pierre-et-Miquelon
2007-05-08,8 mai,Métropole|Alsace-Moselle|Guadeloupe|Guyane|Martinique|Mayotte|Nouvelle-Calédonie|La Réunion|Polynésie Française|Saint-Barthélémy|Saint-Martin|Wallis-et-Futuna|Saint-Pierre-et-Miquelon
2007-05-17,Ascension,Métropole|Alsace-Moselle|Guadeloupe|Guyane|Martinique|Mayotte|Nouvelle-Calédonie|La Réunion|Polynésie Française|Saint-Barthélémy|Saint-Martin|Wallis-et-Futuna|Saint-Pierre-et-Miquelon
2007-05-22,Abolition de l'esclavage,Martinique
2007-05-27,Abolition de l'esclavage,Guadeloupe|Saint-Martin
2007-05-28,Lundi de Pentecôte,Métropole|Alsace-Moselle|Guadeloupe|Guyane|Martinique|Mayotte|Nouvelle-Calédonie|La Réunion|Polynésie Française|Saint-Barthélémy|Saint-Martin|Wallis-et-Futuna|Saint-Pierre-et-Miquelon
2007-06-10,Abolition de l'esclavage,Guyane
2007-07-14,14 juillet,Métropole|Alsace-Moselle|Guadeloupe|Guyane|Martinique|Mayotte|Nouvelle-Calédonie|La Réunion|Polynésie Française|Saint-Barthélémy|Saint-Martin|Wallis-et-Futuna|Saint-Pierre-et-Miquelon
2007-08-15,Assomption,Métropole|Alsace-Moselle|Guadeloupe|Guyane|Martinique|Mayotte|Nouvelle-Calédonie|La Réunion|Polynésie Française|Saint-Barthélémy|Saint-Martin|Wallis-et-Futuna|Saint-Pierre-et-Miquelon
2007-10-09,Abolition de l'esclavage,Saint-Barthélémy
2007-11-01,Toussaint,Métropole|Alsace-Moselle|Guadeloupe|Guyane|Martinique|Mayotte|Nouvelle-Calédonie|La Réunion|Polynésie Française|Saint-Barthélémy|Saint-Martin|Wallis-et-Futuna|Saint-Pierre-et-Miquelon
2007-11-11,11 novembre,Métropole|Alsace-Moselle|Guadeloupe|Guyane|Martinique|Mayotte|Nouvelle-Calédonie|La Réunion|Polynésie Française|Saint-Barthélémy|Saint-Martin|Wallis-et-Futuna|Saint-Pierre-et-Miquelon
2007-12-20,Abolition de l'esclavage,La Réunion
2007-12-25,Jour de Noël,Métropole|Alsace-Moselle|Guadeloupe|Guyane|Martinique|Mayotte|Nouvelle-Calédonie|La Réunion|Polynésie Française|Saint-Barthélémy|Saint-Martin|Wallis-et-Futuna|Saint-Pierre-et-Miquelon
2007-12-26,2ème jour de Noël,Alsace-Moselle
2008-01-01,1er janvier,Métropole|Alsace-Moselle|Guadeloupe|Guyane|Martinique|Mayotte|Nouvelle-Calédonie|La Réunion|Polynésie Française|Saint-Barthélémy|Saint-Martin|Wallis-et-Futuna|Saint-Pierre-et-Miquelon
2008-03-21,Vendredi saint,Alsace-Moselle
2008-03-24,Lundi de Pâques,Métropole|Alsace-Moselle|Guadeloupe|Guyane|Martinique|Mayotte|Nouvelle-Calédonie|La Réunion|Polynésie Française|Saint-Barthélémy|Saint-Martin|Wallis-et-Futuna|Saint-Pierre-et-Miquelon
2008-04-27,Abolition de l'esclavage,Mayotte
2008-05-01,1er mai,Métropole|Alsace-Moselle|Guadeloupe|Guyane|Martinique|Mayotte|Nouvelle-Calédonie|La Réunion|Polynésie Française|Saint-Barthélémy|Saint-Martin|Wallis-et-Futuna|Saint-Pierre-et-Miquelon
2008-05-01,Ascension,Métropole|Alsace-Moselle|Guadeloupe|Guyane|Martinique|Mayotte|Nouvelle-Calédonie|La Réunion|Polynésie Française|Saint-Barthélémy|Saint-Martin|Wallis-et-Futuna|Saint-Pierre-et-Miquelon
2008-05-08,8 mai,Métropole|Alsace-Moselle|Guadeloupe|Guyane|Martinique|Mayotte|Nouvelle-Calédonie|La Réunion|Polynésie Française|Saint-Barthélémy|Saint-Martin|Wallis-et-Futuna|Saint-Pierre-et-Miquelon
2008-05-12,Lundi de Pentecôte,Métropole|Alsace-Moselle|Guadeloupe|Guyane|Martinique|Mayotte|Nouvelle-Calédonie|La Réunion|Polynésie Française|Saint-Barthélémy|Saint-Martin|Wallis-et-Futuna|Saint-Pierre-et-Miquelon
2008-05-22,Abolition de l'esclavage,Martinique
2008-05-27,Abolition de l'esclavage,Guadeloupe|Saint-Martin
2008-06-10,Abolition de l'esclavage,Guyane
2008-07-14,14 juillet,Métropole|Alsace-Moselle|Guadeloupe|Guyane|Martinique|Mayotte|Nouvelle-Calédonie|La Réunion|Polynésie Française|Saint-Barthélémy|Saint-Martin|Wallis-et-Futuna|Saint-Pierre-et-Miquelon
2008-08-15,Assomption,Métropole|Alsace-Moselle|Guadeloupe|Guyane|Martinique|Mayotte|Nouvelle-Calédonie|La Réunion|Polynésie Française|Saint-Barthélémy|Saint-Martin|Wallis-et-Futuna|Saint-Pierre-et-Miquelon
2008-10-09,Abolition de l'esclavage,Saint-Barthélémy
2008-11-01,Toussaint,Métropole|Alsace-Moselle|Guadeloupe|Guyane|Martinique|Mayotte|Nouvelle-Calédonie|La Réunion|Polynésie Française|Saint-Barthélémy|Saint-Martin|Wallis-et-Futuna|Saint-Pierre-et-Miquelon
2008-11-11,11 novembre,Métropole|Alsace-Moselle|Guadeloupe|Guyane|Martinique|Mayotte|Nouvelle-Calédonie|La Réunion|Polynésie Française|Saint-Barthélémy|Saint-Martin|Wallis-et-Futuna|Saint-Pierre-et-Miquelon
2008-12-20,Abolition de l'esclavage,La Réunion
2008-12-25,Jour de Noël,Métropole|Alsace-Moselle|Guadeloupe|Guyane|Martinique|Mayotte|Nouvelle-Calédonie|La Réunion|Polynésie Française|Saint-Barthélémy|Saint-Martin|Wallis-et-Futuna|Saint-Pierre-et-Miquelon
2008-12-26,2ème jour de Noël,Alsace-Moselle
2009-01-01,1er janvier,Métropole|Alsace-Moselle|Guadeloupe|Guyane|Martinique|Mayotte|Nouvelle-Calédonie|La Réunion|Polynésie Française|Saint-Barthélémy|Saint-Martin|Wallis-et-Futuna|Saint-Pierre-et-Miquelon
2009-04-10,Vendredi saint,Alsace-Moselle
2009-04-13,Lundi de Pâques,Métropole|Alsace-Moselle|Guadeloupe|Guyane|Martinique|Mayotte|Nouvelle-Calédonie|La Réunion|Polynésie Française|Saint-Barthélémy|Saint-Martin|Wallis-et-Futuna|Saint-Pierre-et-Miquelon
2009-04-27,Abolition de l'esclavage,Mayotte
2009-05-01,1er mai,Métropole|Alsace-Moselle|Guadeloupe|Guyane|Martinique|Mayotte|Nouvelle-Calédonie|La Réunion|Polynésie Française|Saint-Barthélémy|Saint-Martin|Wallis-et-Futuna|Saint-Pierre-et-Miquelon
2009-05-08,8 mai,Métropole|Alsace-Moselle|Guadeloupe|Guyane|Martinique|Mayotte|Nouvelle-Calédonie|La Réunion|Polynésie Française|Saint-Barthélémy|Saint-Martin|Wallis-et-Futuna|Saint-Pierre-et-Miquelon
2009-05-21,Ascension,Métropole|Alsace-Moselle|Guadeloupe|Guyane|Martinique|Mayotte|Nouvelle-Calédonie|La Réunion|Polynésie Française|Saint-Barthélémy|Saint-Martin|Wallis-et-Futuna|Saint-Pierre-et-Miquelon
2009-05-22,Abolition de l'esclavage,Martinique
2009-05-27,Abolition de l'esclavage,Guadeloupe|Saint-Martin
2009-06-01,Lundi de Pentecôte,Métropole|Alsace-Moselle|Guadeloupe|Guyane|Martinique|Mayotte|Nouvelle-Calédonie|La Réunion|Polynésie Française|Saint-Barthélémy|Saint-Martin|Wallis-et-Futuna|Saint-Pierre-et-Miquelon
2009-06-10,Abolition de l'esclavage,Guyane
2009-07-14,14 juillet,Métropole|Alsace-Moselle|Guadeloupe|Guyane|Martinique|Mayotte|Nouvelle-Calédonie|La Réunion|Polynésie Française|Saint-Barthélémy|Saint-Martin|Wallis-et-Futuna|Saint-Pierre-et-Miquelon
2009-08-15,Assomption,Métropole|Alsace-Moselle|Guadeloupe|Guyane|Martinique|Mayotte|Nouvelle-Calédonie|La Réunion|Polynésie Française|Saint-Barthélémy|Saint-Martin|Wallis-et-Futuna|Saint-Pierre-et-Miquelon
2009-10-09,Abolition de l'esclavage,Saint-Barthélémy
2009-11-01,Toussaint,Métropole|Alsace-Moselle|Guadeloupe|Guyane|Martinique|Mayotte|Nouvelle-Calédonie|La Réunion|Polynésie Française|Saint-Barthélémy|Saint-Martin|Wallis-et-Futuna|Saint-Pierre-et-Miquelon
2009-11-11,11 novembre,Métropole|Alsace-Moselle|Guadeloupe|Guyane|Martinique|Mayotte|Nouvelle-Calédonie|La Réunion|Polynésie Française|Saint-Barthélémy|Saint-Martin|Wallis-et-Futuna|Saint-Pierre-et-Miquelon
2009-12-20,Abolition de l'esclavage,La Réunion
2009-12-25,Jour de Noël,Métropole|Alsace-Moselle|Guadeloupe|Guyane|Martinique|Mayotte|Nouvelle-Calédonie|La Réunion|Polynésie Française|Saint-Barthélémy|Saint-Martin|Wallis-et-Futuna|Saint-Pierre-et-Miquelon
2009-12-26,2ème jour de Noël,Alsace-Moselle
2010-01-01,1er janvier,Métropole|Alsace-Moselle|Guadeloupe|Guyane|Martinique|Mayotte|Nouvelle-Calédonie|La Réunion|Polynésie Française|Saint-Barthélémy|Saint-Martin|Wallis-et-Futuna|Saint-Pierre-et-Miquelon
2010-04-02,Vendredi saint,Alsace-Moselle
2010-04-05,Lundi de Pâques,Métropole|Alsace-Moselle|Guadeloupe|Guyane|Martinique|Mayotte|Nouvelle-Calédonie|La Réunion|Polynésie Française|Saint-Barthélémy|Saint-Martin|Wallis-et-Futuna|Saint-Pierre-et-Miquelon
2010-04-27,Abolition de l'esclavage,Mayotte
2010-05-01,1er mai,Métropole|Alsace-Moselle|Guadeloupe|Guyane|Martinique|Mayotte|Nouvelle-Calédonie|La Réunion|Polynésie Française|Saint-Barthélémy|Saint-Martin|Wallis-et-Futuna|Saint-Pierre-et-Miquelon
2010-05-08,8 mai,Métropole|Alsace-Moselle|Guadeloupe|Guyane|Martinique|Mayotte|Nouvelle-Calédonie|La Réunion|Polynésie Française|Saint-Barthélémy|Saint-Martin|Wallis-et-Futuna|Saint-Pierre-et-Miquelon
2010-05-13,Ascension,Métropole|Alsace-Moselle|Guadeloupe|Guyane|Martinique|Mayotte|Nouvelle-Calédonie|La Réunion|Polynésie Française|Saint-Barthélémy|Saint-Martin|Wallis-et-Futuna|Saint-Pierre-et-Miquelon
2010-05-22,Abolition de l'esclavage,Martinique
2010-05-24,Lundi de Pentecôte,Métropole|Alsace-Moselle|Guadeloupe|Guyane|Martinique|Mayotte|Nouvelle-Calédonie|La Réunion|Polynésie Française|Saint-Barthélémy|Saint-Martin|Wallis-et-Futuna|Saint-Pierre-et-Miquelon
2010-05-27,Abolition de l'esclavage,Guadeloupe|Saint-Martin
2010-06-10,Abolition de l'esclavage,Guyane
2010-07-14,14 juillet,Métropole|Alsace-Moselle|Guadeloupe|Guyane|Martinique|Mayotte|Nouvelle-Calédonie|La Réunion|Polynésie Française|Saint-Barthélémy|Saint-Martin|Wallis-et-Futuna|Saint-Pierre-et-Miquelon
2010-08-15,Assomption,Métropole|Alsace-Moselle|Guadeloupe|Guyane|Martinique|Mayotte|Nouvelle-Calédonie|La Réunion|Polynésie Française|Saint-Barthélémy|Saint-Martin|Wallis-et-Futuna|Saint-Pierre-et-Miquelon
2010-10-09,Abolition de l'esclavage,Saint-Barthélémy
2010-11-01,Toussaint,Métropole|Alsace-Moselle|Guadeloupe|Guyane|Martinique|Mayotte|Nouvelle-Calédonie|La Réunion|Polynésie Française|Saint-Barthélémy|Saint-Martin|Wallis-et-Futuna|Saint-Pierre-et-Miquelon
2010-11-11,11 novembre,Métropole|Alsace-Moselle|Guadeloupe|Guyane|Martinique|Mayotte|Nouvelle-Calédonie|La Réunion|Polynésie Française|Saint-Barthélémy|Saint-Martin|Wallis-et-Futuna|Saint-Pierre-et-Miquelon
2010-12-20,Abolition de l'esclavage,La Réunion
2010-12-25,Jour de Noël,Métropole|Alsace-Moselle|Guadeloupe|Guyane|Martinique|Mayotte|Nouvelle-Calédonie|La Réunion|Polynésie Française|Saint-Barthélémy|Saint-Martin|Wallis-et-Futuna|Saint-Pierre-et-Miquelon
2010-12-26,2ème jour de Noël,Alsace-Moselle
2011-01-01,1er janvier,Métropole|Alsace-Moselle|Guadeloupe|Guyane|Martinique|Mayotte|Nouvelle-Calédonie|La Réunion|Polynésie Française|Saint-Barthélémy|Saint-Martin|Wallis-et-Futuna|Saint-Pierre-et-Miquelon
2011-04-22,Vendredi saint,Alsace-Moselle
2011-04-25,Lundi de Pâques,Métropole|Alsace-Moselle|Guadeloupe|Guyane|Martinique|Mayotte|Nouvelle-Calédonie|La Réunion|Polynésie Française|Saint-Barthélémy|Saint-Martin|Wallis-et-Futuna|Saint-Pierre-et-Miquelon
2011-04-27,Abolition de l'esclavage,Mayotte
2011-05-01,1er mai,Métropole|Alsace-Moselle|Guadeloupe|Guyane|Martinique|Mayotte|Nouvelle-Calédonie|La Réunion|Polynésie Française|Saint-Barthélémy|Saint-Martin|Wallis-et-Futuna|Saint-Pierre-et-Miquelon
2011-05-08,8 mai,Métropole|Alsace-Moselle|Guadeloupe|Guyane|Martinique|Mayotte|Nouvelle-Calédonie|La Réunion|Polynésie Française|Saint-Barthélémy|Saint-Martin|Wallis-et-Futuna|Saint-Pierre-et-Miquelon
2011-05-22,Abolition de l'esclavage,Martinique
2011-05-27,Abolition de l'esclavage,Guadeloupe|Saint-Martin
2011-06-02,Ascension,Métropole|Alsace-Moselle|Guadeloupe|Guyane|Martinique|Mayotte|Nouvelle-Calédonie|La Réunion|Polynésie Française|Saint-Barthélémy|Saint-Martin|Wallis-et-Futuna|Saint-Pierre-et-Miquelon
2011-06-10,Abolition de l'esclavage,Guyane
2011-06-13,Lundi de Pentecôte,Métropole|Alsace-Moselle|Guadeloupe|Guyane|Martinique|Mayotte|Nouvelle-Calédonie|La Réunion|Polynésie Française|Saint-Barthélémy|Saint-Martin|Wallis-et-Futuna|Saint-Pierre-et-Miquelon
2011-07-14,14 juillet,Métropole|Alsace-Moselle|Guadeloupe|Guyane|Martinique|Mayotte|Nouvelle-Calédonie|La Réunion|Polynésie Française|Saint-Barthélémy|Saint-Martin|Wallis-et-Futuna|Saint-Pierre-et-Miquelon
2011-08-15,Assomption,Métropole|Alsace-Moselle|Guadeloupe|Guyane|Martinique|Mayotte|Nouvelle-Calédonie|La Réunion|Polynésie Française|Saint-Barthélémy|Saint-Martin|Wallis-et-Futuna|Saint-Pierre-et-Miquelon
2011-10-09,Abolition de l'esclavage,Saint-Barthélémy
2011-11-01,Toussaint,Métropole|Alsace-Moselle|Guadeloupe|Guyane|Martinique|Mayotte|Nouvelle-Calédonie|La Réunion|Polynésie Française|Saint-Barthélémy|Saint-Martin|Wallis-et-Futuna|Saint-Pierre-et-Miquelon
2011-11-11,11 novembre,Métropole|Alsace-Moselle|Guadeloupe|Guyane|Martinique|Mayotte|Nouvelle-Calédonie|La Réunion|Polynésie Française|Saint-Barthélémy|Saint-Martin|Wallis-et-Futuna|Saint-Pierre-et-Miquelon
2011-12-20,Abolition de l'esclavage,La Réunion
2011-12-25,Jour de Noël,Métropole|Alsace-Moselle|Guadeloupe|Guyane|Martinique|Mayotte|Nouvelle-Calédonie|La Réunion|Polynésie Française|Saint-Barthélémy|Saint-Martin|Wallis-et-Futuna|Saint-Pierre-et-Miquelon
2011-12-26,2ème jour de Noël,Alsace-Moselle
2012-01-01,1er janvier,Métropole|Alsace-Moselle|Guadeloupe|Guyane|Martinique|Mayotte|Nouvelle-Calédonie|La Réunion|Polynésie Française|Saint-Barthélémy|Saint-Martin|Wallis-et-Futuna|Saint-Pierre-et-Miquelon
2012-04-06,Vendredi saint,Alsace-Moselle
2012-04-09,Lundi de Pâques,Métropole|Alsace-Moselle|Guadeloupe|Guyane|Martinique|Mayotte|Nouvelle-Calédonie|La Réunion|Polynésie Française|Saint-Barthélémy|Saint-Martin|Wallis-et-Futuna|Saint-Pierre-et-Miquelon
2012-04-27,Abolition de l'esclavage,Mayotte
2012-05-01,1er mai,Métropole|Alsace-Moselle|Guadeloupe|Guyane|Martinique|Mayotte|Nouvelle-Calédonie|La Réunion|Polynésie Française|Saint-Barthélémy|Saint-Martin|Wallis-et-Futuna|Saint-Pierre-et-Miquelon
2012-05-08,8 mai,Métropole|Alsace-Moselle|Guadeloupe|Guyane|Martinique|Mayotte|Nouvelle-Calédonie|La Réunion|Polynésie Française|Saint-Barthélémy|Saint-Martin|Wallis-et-Futuna|Saint-Pierre-et-Miquelon
2012-05-17,Ascension,Métropole|Alsace-Moselle|Guadeloupe|Guyane|Martinique|Mayotte|Nouvelle-Calédonie|La Réunion|Polynésie Française|Saint-Barthélémy|Saint-Martin|Wallis-et-Futuna|Saint-Pierre-et-Miquelon
2012-05-22,Abolition de l'esclavage,Martinique
2012-05-27,Abolition de l'esclavage,Guadeloupe|Saint-Martin
2012-05-28,Lundi de Pentecôte,Métropole|Alsace-Moselle|Guadeloupe|Guyane|Martinique|Mayotte|Nouvelle-Calédonie|La Réunion|Polynésie Française|Saint-Barthélémy|Saint-Martin|Wallis-et-Futuna|Saint-Pierre-et-Miquelon
2012-06-10,Abolition de l'esclavage,Guyane
2012-07-14,14 juillet,Métropole|Alsace-Moselle|Guadeloupe|Guyane|Martinique|Mayotte|Nouvelle-Calédonie|La Réunion|Polynésie Française|Saint-Barthélémy|Saint-Martin|Wallis-et-Futuna|Saint-Pierre-et-Miquelon
2012-08-15,Assomption,Métropole|Alsace-Moselle|Guadeloupe|Guyane|Martinique|Mayotte|Nouvelle-Calédonie|La Réunion|Polynésie Française|Saint-Barthélémy|Saint-Martin|Wallis-et-Futuna|Saint-Pierre-et-Miquelon
2012-10-09,Abolition de l'esclavage,Saint-Barthélémy
2012-11-01,Toussaint,Métropole|Alsace-Moselle|Guadeloupe|Guyane|Martinique|Mayotte|Nouvelle-Calédonie|La Réunion|Polynésie Française|Saint-Barthélémy|Saint-Martin|Wallis-et-Futuna|Saint-Pierre-et-Miquelon
2012-11-11,11 novembre,Métropole|Alsace-Moselle|Guadeloupe|Guyane|Martinique|Mayotte|Nouvelle-Calédonie|La Réunion|Polynésie Française|Saint-Barthélémy|Saint-Martin|Wallis-et-Futuna|Saint-Pierre-et-Miquelon
2012-12-20,Abolition de l'esclavage,La Réunion
2012-12-25,Jour de Noël,Métropole|Alsace-Moselle|Guadeloupe|Guyane|Martinique|Mayotte|Nouvelle-Calédonie|La Réunion|Polynésie Française|Saint-Barthélémy|Saint-Martin|Wallis-et-Futuna|Saint-Pierre-et-Miquelon
2012-12-26,2ème jour de Noël,Alsace-Moselle
2013-01-01,1er janvier,Métropole|Alsace-Moselle|Guadeloupe|Guyane|Martinique|Mayotte|Nouvelle-Calédonie|La Réunion|Polynésie Française|Saint-Barthélémy|Saint-Martin|Wallis-et-Futuna|Saint-Pierre-et-Miquelon
2013-03-29,Vendredi saint,Alsace-Moselle
2013-04-01,Lundi de Pâques,Métropole|Alsace-Moselle|Guadeloupe|Guyane|Martinique|Mayotte|Nouvelle-Calédonie|La Réunion|Polynésie Française|Saint-Barthélémy|Saint-Martin|Wallis-et-Futuna|Saint-Pierre-et-Miquelon
2013-04-27,Abolition de l'esclavage,Mayotte
2013-05-01,1er mai,Métropole|Alsace-Moselle|Guadeloupe|Guyane|Martinique|Mayotte|Nouvelle-Calédonie|La Réunion|Polynésie Française|Saint-Barthélémy|Saint-Martin|Wallis-et-Futuna|Saint-Pierre-et-Miquelon
2013-05-08,8 mai,Métropole|Alsace-Moselle|Guadeloupe|Guyane|Martinique|Mayotte|Nouvelle-Calédonie|La Réunion|Polynésie Française|Saint-Barthélémy|Saint-Martin|Wallis-et-Futuna|Saint-Pierre-et-Miquelon
2013-05-09,Ascension,Métropole|Alsace-Moselle|Guadeloupe|Guyane|Martinique|Mayotte|Nouvelle-Calédonie|La Réunion|Polynésie Française|Saint-Barthélémy|Saint-Martin|Wallis-et-Futuna|Saint-Pierre-et-Miquelon
2013-05-20,Lundi de Pentecôte,Métropole|Alsace-Moselle|Guadeloupe|Guyane|Martinique|Mayotte|Nouvelle-Calédonie|La Réunion|Polynésie Française|Saint-Barthélémy|Saint-Martin|Wallis-et-Futuna|Saint-Pierre-et-Miquelon
2013-05-22,Abolition de l'esclavage,Martinique
2013-05-27,Abolition de l'esclavage,Guadeloupe|Saint-Martin
2013-06-10,Abolition de l'esclavage,Guyane
2013-07-14,14 juillet,Métropole|Alsace-Moselle|Guadeloupe|Guyane|Martinique|Mayotte|Nouvelle-Calédonie|La Réunion|Polynésie Française|Saint-Barthélémy|Saint-Martin|Wallis-et-Futuna|Saint-Pierre-et-Miquelon
2013-08-15,Assomption,Métropole|Alsace-Moselle|Guadeloupe|Guyane|Martinique|Mayotte|Nouvelle-Calédonie|La Réunion|Polynésie Française|Saint-Barthélémy|Saint-Martin|Wallis-et-Futuna|Saint-Pierre-et-Miquelon
2013-10-09,Abolition de l'esclavage,Saint-Barthélémy
2013-11-01,Toussaint,Métropole|Alsace-Moselle|Guadeloupe|Guyane|Martinique|Mayotte|Nouvelle-Calédonie|La Réunion|Polynésie Française|Saint-Barthélémy|Saint-Martin|Wallis-et-Futuna|Saint-Pierre-et-Miquelon
2013-11-11,11 novembre,Métropole|Alsace-Moselle|Guadeloupe|Guyane|Martinique|Mayotte|Nouvelle-Calédonie|La Réunion|Polynésie Française|Saint-Barthélémy|Saint-Martin|Wallis-et-Futuna|Saint-Pierre-et-Miquelon
2013-12-20,Abolition de l'esclavage,La Réunion
2013-12-25,Jour de Noël,Métropole|Alsace-Moselle|Guadeloupe|Guyane|Martinique|Mayotte|Nouvelle-Calédonie|La Réunion|Polynésie Française|Saint-Barthélémy|Saint-Martin|Wallis-et-Futuna|Saint-Pierre-et-Miquelon
2013-12-26,2ème jour de Noël,Alsace-Moselle
2014-01-01,1er janvier,Métropole|Alsace-Moselle|Guadeloupe|Guyane|Martinique|Mayotte|Nouvelle-Calédonie|La Réunion|Polynésie Française|Saint-Barthélémy|Saint-Martin|Wallis-et-Futuna|Saint-Pierre-et-Miquelon
2014-04-18,Vendredi saint,Alsace-Moselle
2014-04-21,Lundi de Pâques,Métropole|Alsace-Moselle|Guadeloupe|Guyane|Martinique|Mayotte|Nouvelle-Calédonie|La Réunion|Polynésie Française|Saint-Barthélémy|Saint-Martin|Wallis-et-Futuna|Saint-Pierre-et-Miquelon
2014-04-27,Abolition de l'esclavage,Mayotte
2014-05-01,1er mai,Métropole|Alsace-Moselle|Guadeloupe|Guyane|Martinique|Mayotte|Nouvelle-Calédonie|La Réunion|Polynésie Française|Saint-Barthélémy|Saint-Martin|Wallis-et-Futuna|Saint-Pierre-et-Miquelon
2014-05-08,8 mai,Métropole|Alsace-Moselle|Guadeloupe|Guyane|Martinique|Mayotte|Nouvelle-Calédonie|La Réunion|Polynésie Française|Saint-Barthélémy|Saint-Martin|Wallis-et-Futuna|Saint-Pierre-et-Miquelon
2014-05-22,Abolition de l'esclavage,Martinique
2014-05-27,Abolition de l'esclavage,Guadeloupe|Saint-Martin
2014-05-29,Ascension,Métropole|Alsace-Moselle|Guadeloupe|Guyane|Martinique|Mayotte|Nouvelle-Calédonie|La Réunion|Polynésie Française|Saint-Barthélémy|Saint-Martin|Wallis-et-Futuna|Saint-Pierre-et-Miquelon
2014-06-09,Lundi de Pentecôte,Métropole|Alsace-Moselle|Guadeloupe|Guyane|Martinique|Mayotte|Nouvelle-Calédonie|La Réunion|Polynésie Française|Saint-Barthélémy|Saint-Martin|Wallis-et-Futuna|Saint-Pierre-et-Miquelon
2014-06-10,Abolition de l'esclavage,Guyane
2014-07-14,14 juillet,Métropole|Alsace-Moselle|Guadeloupe|Guyane|Martinique|Mayotte|Nouvelle-Calédonie|La Réunion|Polynésie Française|Saint-Barthélémy|Saint-Martin|Wallis-et-Futuna|Saint-Pierre-et-Miquelon
2014-08-15,Assomption,Métropole|Alsace-Moselle|Guadeloupe|Guyane|Martinique|Mayotte|Nouvelle-Calédonie|La Réunion|Polynésie Française|Saint-Barthélémy|Saint-Martin|Wallis-et-Futuna|Saint-Pierre-et-Miquelon
2014-10-09,Abolition de l'esclavage,Saint-Barthélémy
2014-11-01,Toussaint,Métropole|Alsace-Moselle|Guadeloupe|Guyane|Martinique|Mayotte|Nouvelle-Calédonie|La Réunion|Polynésie Française|Saint-Barthélémy|Saint-Martin|Wallis-et-Futuna|Saint-Pierre-et-Miquelon
2014-11-11,11 novembre,Métropole|Alsace-Moselle|Guadeloupe|Guyane|Martinique|Mayotte|Nouvelle-Calédonie|La Réunion|Polynésie Française|Saint-Barthélémy|Saint-Martin|Wallis-et-Futuna|Saint-Pierre-et-Miquelon
2014-12-20,Abolition de l'esclavage,La Réunion
2014-12-25,Jour de Noël,Métropole|Alsace-Moselle|Guadeloupe|Guyane|Martinique|Mayotte|Nouvelle-Calédonie|La Réunion|Polynésie Française|Saint-Barthélémy|Saint-Martin|Wallis-et-Futuna|Saint-Pierre-et-Miquelon
2014-12-26,2ème jour de Noël,Alsace-Moselle
2015-01-01,1er janvier,Métropole|Alsace-Moselle|Guadeloupe|Guyane|Martinique|Mayotte|Nouvelle-Calédonie|La Réunion|Polynésie Française|Saint-Barthélémy|Saint-Martin|Wallis-et-Futuna|Saint-Pierre-et-Miquelon
2015-04-03,Vendredi saint,Alsace-Moselle
2015-04-06,Lundi de Pâques,Métropole|Alsace-Moselle|Guadeloupe|Guyane|Martinique|Mayotte|Nouvelle-Calédonie|La Réunion|Polynésie Française|Saint-Barthélémy|Saint-Martin|Wallis-et-Futuna|Saint-Pierre-et-Miquelon
2015-04-27,Abolition de l'esclavage,Mayotte
2015-05-01,1er mai,Métropole|Alsace-Moselle|Guadeloupe|Guyane|Martinique|Mayotte|Nouvelle-Calédonie|La Réunion|Polynésie Française|Saint-Barthélémy|Saint-Martin|Wallis-et-Futuna|Saint-Pierre-et-Miquelon
2015-05-08,8 mai,Métropole|Alsace-Moselle|Guadeloupe|Guyane|Martinique|Mayotte|Nouvelle-Calédonie|La Réunion|Polynésie Française|Saint-Barthélémy|Saint-Martin|Wallis-et-Futuna|Saint-Pierre-et-Miquelon
2015-05-14,Ascension,Métropole|Alsace-Moselle|Guadeloupe|Guyane|Martinique|Mayotte|Nouvelle-Calédonie|La Réunion|Polynésie Française|Saint-Barthélémy|Saint-Martin|Wallis-et-Futuna|Saint-Pierre-et-Miquelon
2015-05-22,Abolition de l'esclavage,Martinique
2015-05-25,Lundi de Pentecôte,Métropole|Alsace-Moselle|Guadeloupe|Guyane|Martinique|Mayotte|Nouvelle-Calédonie|La Réunion|Polynésie Française|Saint-Barthélémy|Saint-Martin|Wallis-et-Futuna|Saint-Pierre-et-Miquelon
2015-05-27,Abolition de l'esclavage,Guadeloupe|Saint-Martin
2015-06-10,Abolition de l'esclavage,Guyane
2015-07-14,14 juillet,Métropole|Alsace-Moselle|Guadeloupe|Guyane|Martinique|Mayotte|Nouvelle-Calédonie|La Réunion|Polynésie Française|Saint-Barthélémy|Saint-Martin|Wallis-et-Futuna|Saint-Pierre-et-Miquelon
2015-08-15,Assomption,Métropole|Alsace-Moselle|Guadeloupe|Guyane|Martinique|Mayotte|Nouvelle-Calédonie|La Réunion|Polynésie Française|Saint-Barthélémy|Saint-Martin|Wallis-et-Futuna|Saint-Pierre-et-Miquelon
2015-10-09,Abolition de l'esclavage,Saint-Barthélémy
2015-11-01,Toussaint,Métropole|Alsace-Moselle|Guadeloupe|Guyane|Martinique|Mayotte|Nouvelle-Calédonie|La Réunion|Polynésie Française|Saint-Barthélémy|Saint-Martin|Wallis-et-Futuna|Saint-Pierre-et-Miquelon
2015-11-11,11 novembre,Métropole|Alsace-Moselle|Guadeloupe|Guyane|Martinique|Mayotte|Nouvelle-Calédonie|La Réunion|Polynésie Française|Saint-Barthélémy|Saint-Martin|Wallis-et-Futuna|Saint-Pierre-et-Miquelon
2015-12-20,Abolition de l'esclavage,La Réunion
2015-12-25,Jour de Noël,Métropole|Alsace-Moselle|Guadeloupe|Guyane|Martinique|Mayotte|Nouvelle-Calédonie|La Réunion|Polynésie Française|Saint-Barthélémy|Saint-Martin|Wallis-et-Futuna|Saint-Pierre-et-Miquelon
2015-12-26,2ème jour de Noël,Alsace-Moselle
2016-01-01,1er janvier,Métropole|Alsace-Moselle|Guadeloupe|Guyane|Martinique|Mayotte|Nouvelle-Calédonie|La Réunion|Polynésie Française|Saint-Barthélémy|Saint-Martin|Wallis-et-Futuna|Saint-Pierre-et-Miquelon
2016-03-25,Vendredi saint,Alsace-Moselle
2016-03-28,Lundi de Pâques,Métropole|Alsace-Moselle|Guadeloupe|Guyane|Martinique|Mayotte|Nouvelle-Calédonie|La Réunion|Polynésie Française|Saint-Barthélémy|Saint-Martin|Wallis-et-Futuna|Saint-Pierre-et-Miquelon
2016-04-27,Abolition de l'esclavage,Mayotte
2016-05-01,1er mai,Métropole|Alsace-Moselle|Guadeloupe|Guyane|Martinique|Mayotte|Nouvelle-Calédonie|La Réunion|Polynésie Française|Saint-Barthélémy|Saint-Martin|Wallis-et-Futuna|Saint-Pierre-et-Miquelon
2016-05-05,Ascension,Métropole|Alsace-Moselle|Guadeloupe|Guyane|Martinique|Mayotte|Nouvelle-Calédonie|La Réunion|Polynésie Française|Saint-Barthélémy|Saint-Martin|Wallis-et-Futuna|Saint-Pierre-et-Miquelon
2016-05-08,8 mai,Métropole|Alsace-Moselle|Guadeloupe|Guyane|Martinique|Mayotte|Nouvelle-Calédonie|La Réunion|Polynésie Française|Saint-Barthélémy|Saint-Martin|Wallis-et-Futuna|Saint-Pierre-et-Miquelon
2016-05-16,Lundi de Pentecôte,Métropole|Alsace-Moselle|Guadeloupe|Guyane|Martinique|Mayotte|Nouvelle-Calédonie|La Réunion|Polynésie Française|Saint-Barthélémy|Saint-Martin|Wallis-et-Futuna|Saint-Pierre-et-Miquelon
2016-05-22,Abolition de l'esclavage,Martinique
2016-05-27,Abolition de l'esclavage,Guadeloupe|Saint-Martin
2016-06-10,Abolition de l'esclavage,Guyane
2016-07-14,14 juillet,Métropole|Alsace-Moselle|Guadeloupe|Guyane|Martinique|Mayotte|Nouvelle-Calédonie|La Réunion|Polynésie Française|Saint-Barthélémy|Saint-Martin|Wallis-et-Futuna|Saint-Pierre-et-Miquelon
2016-08-15,Assomption,Métropole|Alsace-Moselle|Guadeloupe|Guyane|Martinique|Mayotte|Nouvelle-Calédonie|La Réunion|Polynésie Française|Saint-Barthélémy|Saint-Martin|Wallis-et-Futuna|Saint-Pierre-et-Miquelon
2016-10-09,Abolition de l'esclavage,Saint-Barthélémy
2016-11-01,Toussaint,Métropole|Alsace-Moselle|Guadeloupe|Guyane|Martinique|Mayotte|Nouvelle-Calédonie|La Réunion|Polynésie Française|Saint-Barthélémy|Saint-Martin|Wallis-et-Futuna|Saint-Pierre-et-Miquelon
2016-11-11,11 novembre,Métropole|Alsace-Moselle|Guadeloupe|Guyane|Martinique|Mayotte|Nouvelle-Calédonie|La Réunion|Polynésie Française|Saint-Barthélémy|Saint-Martin|Wallis-et-Futuna|Saint-Pierre-et-Miquelon
2016-12-20,Abolition de l'esclavage,La Réunion
2016-12-25,Jour de Noël,Métropole|Alsace-Moselle|Guadeloupe|Guyane|Martinique|Mayotte|Nouvelle-Calédonie|La Réunion|Polynésie Française|Saint-Barthélémy|Saint-Martin|Wallis-et-Futuna|Saint-Pierre-et-Miquelon
2016-12-26,2ème jour de Noël,Alsace-Moselle
2017-01-01,1er janvier,Métropole|Alsace-Moselle|Guadeloupe|Guyane|Martinique|Mayotte|Nouvelle-Calédonie|La Réunion|Polynésie Française|Saint-Barthélémy|Saint-Martin|Wallis-et-Futuna|Saint-Pierre-et-Miquelon
2017-04-14,Vendredi saint,Alsace-Moselle
2017-04-17,Lundi de Pâques,Métropole|Alsace-Moselle|Guadeloupe|Guyane|Martinique|Mayotte|Nouvelle-Calédonie|La Réunion|Polynésie Française|Saint-Barthélémy|Saint-Martin|Wallis-et-Futuna|Saint-Pierre-et-Miquelon
2017-04-27,Abolition de l'esclavage,Mayotte
2017-05-01,1er mai,Métropole|Alsace-Moselle|Guadeloupe|Guyane|Martinique|Mayotte|Nouvelle-Calédonie|La Réunion|Polynésie Française|Saint-Barthélémy|Saint-Martin|Wallis-et-Futuna|Saint-Pierre-et-Miquelon
2017-05-08,8 mai,Métropole|Alsace-Moselle|Guadeloupe|Guyane|Martinique|Mayotte|Nouvelle-Calédonie|La Réunion|Polynésie Française|Saint-Barthélémy|Saint-Martin|Wallis-et-Futuna|Saint-Pierre-et-Miquelon
2017-05-22,Abolition de l'esclavage,Martinique
2017-05-25,Ascension,Métropole|Alsace-Moselle|Guadeloupe|Guyane|Martinique|Mayotte|Nouvelle-Calédonie|La Réunion|Polynésie Française|Saint-Barthélémy|Saint-Martin|Wallis-et-Futuna|Saint-Pierre-et-Miquelon
2017-05-27,Abolition de l'esclavage,Guadeloupe|Saint-Martin
2017-06-05,Lundi de Pentecôte,Métropole|Alsace-Moselle|Guadeloupe|Guyane|Martinique|Mayotte|Nouvelle-Calédonie|La Réunion|Polynésie Française|Saint-Barthélémy|Saint-Martin|Wallis-et-Futuna|Saint-Pierre-et-Miquelon
2017-06-10,Abolition de l'esclavage,Guyane
2017-07-14,14 juillet,Métropole|Alsace-Moselle|Guadeloupe|Guyane|Martinique|Mayotte|Nouvelle-Calédonie|La Réunion|Polynésie Française|Saint-Barthélémy|Saint-Martin|Wallis-et-Futuna|Saint-Pierre-et-Miquelon
2017-08-15,Assomption,Métropole|Alsace-Moselle|Guadeloupe|Guyane|Martinique|Mayotte|Nouvelle-Calédonie|La Réunion|Polynésie Française|Saint-Barthélémy|Saint-Martin|Wallis-et-Futuna|Saint-Pierre-et-Miquelon
2017-10-09,Abolition de l'esclavage,Saint-Barthélémy
2017-11-01,Toussaint,Métropole|Alsace-Moselle|Guadeloupe|Guyane|Martinique|Mayotte|Nouvelle-Calédonie|La Réunion|Polynésie Française|Saint-Barthélémy|Saint-Martin|Wallis-et-Futuna|Saint-Pierre-et-Miquelon
2017-11-11,11 novembre,Métropole|Alsace-Moselle|Guadeloupe|Guyane|Martinique|Mayotte|Nouvelle-Calédonie|La Réunion|Polynésie Française|Saint-Barthélémy|Saint-Martin|Wallis-et-Futuna|Saint-Pierre-et-Miquelon
2017-12-20,Abolition de l'esclavage,La Réunion
2017-12-25,Jour de Noël,Métropole|Alsace-Moselle|Guadeloupe|Guyane|Martinique|Mayotte|Nouvelle-Calédonie|La Réunion|Polynésie Française|Saint-Barthélémy|Saint-Martin|Wallis-et-Futuna|Saint-Pierre-et-Miquelon
2017-12-26,2ème jour de Noël,Alsace-Moselle
2018-01-01,1er janvier,Métropole|Alsace-Moselle|Guadeloupe|Guyane|Martinique|Mayotte|Nouvelle-Calédonie|La Réunion|Polynésie Française|Saint-Barthélémy|Saint-Martin|Wallis-et-Futuna|Saint-Pierre-et-Miquelon
2018-03-30,Vendredi saint,Alsace-Moselle
2018-04-02,Lundi de Pâques,Métropole|Alsace-Moselle|Guadeloupe|Guyane|Martinique|Mayotte|Nouvelle-Calédonie|La Réunion|Polynésie Française|Saint-Barthélémy|Saint-Martin|Wallis-et-Futuna|Saint-Pierre-et-Miquelon
2018-04-27,Abolition de l'esclavage,Mayotte
2018-05-01,1er mai,Métropole|Alsace-Moselle|Guadeloupe|Guyane|Martinique|Mayotte|Nouvelle-Calédonie|La Réunion|Polynésie Française|Saint-Barthélémy|Saint-Martin|Wallis-et-Futuna|Saint-Pierre-et-Miquelon
2018-05-08,8 mai,Métropole|Alsace-Moselle|Guadeloupe|Guyane|Martinique|Mayotte|Nouvelle-Calédonie|La Réunion|Polynésie Française|Saint-Barthélémy|Saint-Martin|Wallis-et-Futuna|Saint-Pierre-et-Miquelon
2018-05-10,Ascension,Métropole|Alsace-Moselle|Guadeloupe|Guyane|Martinique|Mayotte|Nouvelle-Calédonie|La Réunion|Polynésie Française|Saint-Barthélémy|Saint-Martin|Wallis-et-Futuna|Saint-Pierre-et-Miquelon
2018-05-21,Lundi de Pentecôte,Métropole|Alsace-Moselle|Guadeloupe|Guyane|Martinique|Mayotte|Nouvelle-Calédonie|La Réunion|Polynésie Française|Saint-Barthélémy|Saint-Martin|Wallis-et-Futuna|Saint-Pierre-et-Miquelon
2018-05-22,Abolition de l'esclavage,Martinique
2018-05-27,Abolition de l'esclavage,Guadeloupe
2018-05-28,Abolition de l'esclavage,Saint-Martin
2018-06-10,Abolition de l'esclavage,Guyane
2018-07-14,14 juillet,Métropole|Alsace-Moselle|Guadeloupe|Guyane|Martinique|Mayotte|Nouvelle-Calédonie|La Réunion|Polynésie Française|Saint-Barthélémy|Saint-Martin|Wallis-et-Futuna|Saint-Pierre-et-Miquelon
2018-08-15,Assomption,Métropole|Alsace-Moselle|Guadeloupe|Guyane|Martinique|Mayotte|Nouvelle-Calédonie|La Réunion|Polynésie Française|Saint-Barthélémy|Saint-Martin|Wallis-et-Futuna|Saint-Pierre-et-Miquelon
2018-10-09,Abolition de l'esclavage,Saint-Barthélémy
2018-11-01,Toussaint,Métropole|Alsace-Moselle|Guadeloupe|Guyane|Martinique|Mayotte|Nouvelle-Calédonie|La Réunion|Polynésie Française|Saint-Barthélémy|Saint-Martin|Wallis-et-Futuna|Saint-Pierre-et-Miquelon
2018-11-11,11 novembre,Métropole|Alsace-Moselle|Guadeloupe|Guyane|Martinique|Mayotte|Nouvelle-Calédonie|La Réunion|Polynésie Française|Saint-Barthélémy|Saint-Martin|Wallis-et-Futuna|Saint-Pierre-et-Miquelon
2018-12-20,Abolition de l'esclavage,La Réunion
2018-12-25,Jour de Noël,Métropole|Alsace-Moselle|Guadeloupe|Guyane|Martinique|Mayotte|Nouvelle-Calédonie|La Réunion|Polynésie Française|Saint-Barthélémy|Saint-Martin|Wallis-et-Futuna|Saint-Pierre-et-Miquelon
2018-12-26,2ème jour de Noël,Alsace-Moselle
2019-01-01,1er janvier,Métropole|Alsace-Moselle|Guadeloupe|Guyane|Martinique|Mayotte|Nouvelle-Calédonie|La Réunion|Polynésie Française|Saint-Barthélémy|Saint-Martin|Wallis-et-Futuna|Saint-Pierre-et-Miquelon
2019-04-19,Vendredi saint,Alsace-Moselle
2019-04-22,Lundi de Pâques,Métropole|Alsace-Moselle|Guadeloupe|Guyane|Martinique|Mayotte|Nouvelle-Calédonie|La Réunion|Polynésie Française|Saint-Barthélémy|Saint-Martin|Wallis-et-Futuna|Saint-Pierre-et-Miquelon
2019-04-27,Abolition de l'esclavage,Mayotte
2019-05-01,1er mai,Métropole|Alsace-Moselle|Guadeloupe|Guyane|Martinique|Mayotte|Nouvelle-Calédonie|La Réunion|Polynésie Française|Saint-Barthélémy|Saint-Martin|Wallis-et-Futuna|Saint-Pierre-et-Miquelon
2019-05-08,8 mai,Métropole|Alsace-Moselle|Guadeloupe|Guyane|Martinique|Mayotte|Nouvelle-Calédonie|La Réunion|Polynésie Française|Saint-Barthélémy|Saint-Martin|Wallis-et-Futuna|Saint-Pierre-et-Miquelon
2019-05-22,Abolition de l'esclavage,Martinique
2019-05-27,Abolition de l'esclavage,Guadeloupe
2019-05-28,Abolition de l'esclavage,Saint-Martin
2019-05-30,Ascension,Métropole|Alsace-Moselle|Guadeloupe|Guyane|Martinique|Mayotte|Nouvelle-Calédonie|La Réunion|Polynésie Française|Saint-Barthélémy|Saint-Martin|Wallis-et-Futuna|Saint-Pierre-et-Miquelon
2019-06-10,Abolition de l'esclavage,Guyane
2019-06-10,Lundi de Pentecôte,Métropole|Alsace-Moselle|Guadeloupe|Guyane|Martinique|Mayotte|Nouvelle-Calédonie|La Réunion|Polynésie Française|Saint-Barthélémy|Saint-Martin|Wallis-et-Futuna|Saint-Pierre-et-Miquelon
2019-07-14,14 juillet,Métropole|Alsace-Moselle|Guadeloupe|Guyane|Martinique|Mayotte|Nouvelle-Calédonie|La Réunion|Polynésie Française|Saint-Barthélémy|Saint-Martin|Wallis-et-Futuna|Saint-Pierre-et-Miquelon
2019-08-15,Assomption,Métropole|Alsace-Moselle|Guadeloupe|Guyane|Martinique|Mayotte|Nouvelle-Calédonie|La Réunion|Polynésie Française|Saint-Barthélémy|Saint-Martin|Wallis-et-Futuna|Saint-Pierre-et-Miquelon
2019-10-09,Abolition de l'esclavage,Saint-Barthélémy
2019-11-01,Toussaint,Métropole|Alsace-Moselle|Guadeloupe|Guyane|Martinique|Mayotte|Nouvelle-Calédonie|La Réunion|Polynésie Française|Saint-Barthélémy|Saint-Martin|Wallis-et-Futuna|Saint-Pierre-et-Miquelon
2019-11-11,11 novembre,Métropole|Alsace-Moselle|Guadeloupe|Guyane|Martinique|Mayotte|Nouvelle-Calédonie|La Réunion|Polynésie Française|Saint-Barthélémy|Saint-Martin|Wallis-et-Futuna|Saint-Pierre-et-Miquelon
2019-12-20,Abolition de l'esclavage,La Réunion
2019-12-25,Jour de Noël,Métropole|Alsace-Moselle|Guadeloupe|Guyane|Martinique|Mayotte|Nouvelle-Calédonie|La Réunion|Polynésie Française|Saint-Barthélémy|Saint-Martin|Wallis-et-Futuna|Saint-Pierre-et-Miquelon
2019-12-26,2ème jour de Noël,Alsace-Moselle
2020-01-01,1er janvier,Métropole|Alsace-Moselle|Guadeloupe|Guyane|Martinique|Mayotte|Nouvelle-Calédonie|La Réunion|Polynésie Française|Saint-Barthélémy|Saint-Martin|Wallis-et-Futuna|Saint-Pierre-et-Miquelon
2020-04-10,Vendredi saint,Alsace-Moselle
2020-04-13,Lundi de Pâques,Métropole|Alsace-Moselle|Guadeloupe|Guyane|Martinique|Mayotte|Nouvelle-Calédonie|La Réunion|Polynésie Française|Saint-Barthélémy|Saint-Martin|Wallis-et-Futuna|Saint-Pierre-et-Miquelon
2020-04-27,Abolition de l'esclavage,Mayotte
2020-05-01,1er mai,Métropole|Alsace-Moselle|Guadeloupe|Guyane|Martinique|Mayotte|Nouvelle-Calédonie|La Réunion|Polynésie Française|Saint-Barthélémy|Saint-Martin|Wallis-et-Futuna|Saint-Pierre-et-Miquelon
2020-05-08,8 mai,Métropole|Alsace-Moselle|Guadeloupe|Guyane|Martinique|Mayotte|Nouvelle-Calédonie|La Réunion|Polynésie Française|Saint-Barthélémy|Saint-Martin|Wallis-et-Futuna|Saint-Pierre-et-Miquelon
2020-05-21,Ascension,Métropole|Alsace-Moselle|Guadeloupe|Guyane|Martinique|Mayotte|Nouvelle-Calédonie|La Réunion|Polynésie Française|Saint-Barthélémy|Saint-Martin|Wallis-et-Futuna|Saint-Pierre-et-Miquelon
2020-05-22,Abolition de l'esclavage,Martinique
2020-05-27,Abolition de l'esclavage,Guadeloupe
2020-05-28,Abolition de l'esclavage,Saint-Martin
2020-06-01,Lundi de Pentecôte,Métropole|Alsace-Moselle|Guadeloupe|Guyane|Martinique|Mayotte|Nouvelle-Calédonie|La Réunion|Polynésie Française|Saint-Barthélémy|Saint-Martin|Wallis-et-Futuna|Saint-Pierre-et-Miquelon
2020-06-10,Abolition de l'esclavage,Guyane
2020-07-14,14 juillet,Métropole|Alsace-Moselle|Guadeloupe|Guyane|Martinique|Mayotte|Nouvelle-Calédonie|La Réunion|Polynésie Française|Saint-Barthélémy|Saint-Martin|Wallis-et-Futuna|Saint-Pierre-et-Miquelon
2020-08-15,Assomption,Métropole|Alsace-Moselle|Guadeloupe|Guyane|Martinique|Mayotte|Nouvelle-Calédonie|La Réunion|Polynésie Française|Saint-Barthélémy|Saint-Martin|Wallis-et-Futuna|Saint-Pierre-et-Miquelon
2020-10-09,Abolition de l'esclavage,Saint-Barthélémy
2020-11-01,Toussaint,Métropole|Alsace-Moselle|Guadeloupe|Guyane|Martinique|Mayotte|Nouvelle-Calédonie|La Réunion|Polynésie Française|Saint-Barthélémy|Saint-Martin|Wallis-et-Futuna|Saint-Pierre-et-Miquelon
2020-11-11,11 novembre,Métropole|Alsace-Moselle|Guadeloupe|Guyane|Martinique|Mayotte|Nouvelle-Calédonie|La Réunion|Polynésie Française|Saint-Barthélémy|Saint-Martin|Wallis-et-Futuna|Saint-Pierre-et-Miquelon
2020-12-20,Abolition de l'esclavage,La Réunion
2020-12-25,Jour de Noël,Métropole|Alsace-Moselle|Guadeloupe|Guyane|Martinique|Mayotte|Nouvelle-Calédonie|La Réunion|Polynésie Française|Saint-Barthélémy|Saint-Martin|Wallis-et-Futuna|Saint-Pierre-et-Miquelon
2020-12-26,2ème jour de Noël,Alsace-Moselle
2021-01-01,1er janvier,Métropole|Alsace-Moselle|Guadeloupe|Guyane|Martinique|Mayotte|Nouvelle-Calédonie|La Réunion|Polynésie Française|Saint-Barthélémy|Saint-Martin|Wallis-et-Futuna|Saint-Pierre-et-Miquelon
2021-04-02,Vendredi saint,Alsace-Moselle
2021-04-05,Lundi de Pâques,Métropole|Alsace-Moselle|Guadeloupe|Guyane|Martinique|Mayotte|Nouvelle-Calédonie|La Réunion|Polynésie Française|Saint-Barthélémy|Saint-Martin|Wallis-et-Futuna|Saint-Pierre-et-Miquelon
2021-04-27,Abolition de l'esclavage,Mayotte
2021-05-01,1er mai,Métropole|Alsace-Moselle|Guadeloupe|Guyane|Martinique|Mayotte|Nouvelle-Calédonie|La Réunion|Polynésie Française|Saint-Barthélémy|Saint-Martin|Wallis-et-Futuna|Saint-Pierre-et-Miquelon
2021-05-08,8 mai,Métropole|Alsace-Moselle|Guadeloupe|Guyane|Martinique|Mayotte|Nouvelle-Calédonie|La Réunion|Polynésie Française|Saint-Barthélémy|Saint-Martin|Wallis-et-Futuna|Saint-Pierre-et-Miquelon
2021-05-13,Ascension,Métropole|Alsace-Moselle|Guadeloupe|Guyane|Martinique|Mayotte|Nouvelle-Calédonie|La Réunion|Polynésie Française|Saint-Barthélémy|Saint-Martin|Wallis-et-Futuna|Saint-Pierre-et-Miquelon
2021-05-22,Abolition de l'esclavage,Martinique
2021-05-24,Lundi de Pentecôte,Métropole|Alsace-Moselle|Guadeloupe|Guyane|Martinique|Mayotte|Nouvelle-Calédonie|La Réunion|Polynésie Française|Saint-Barthélémy|Saint-Martin|Wallis-et-Futuna|Saint-Pierre-et-Miquelon
2021-05-27,Abolition de l'esclavage,Guadeloupe
2021-05-28,Abolition de l'esclavage,Saint-Martin
2021-06-10,Abolition de l'esclavage,Guyane
2021-07-14,14 juillet,Métropole|Alsace-Moselle|Guadeloupe|Guyane|Martinique|Mayotte|Nouvelle-Calédonie|La Réunion|Polynésie Française|Saint-Barthélémy|Saint-Martin|Wallis-et-Futuna|Saint-Pierre-et-Miquelon
2021-08-15,Assomption,Métropole|Alsace-Moselle|Guadeloupe|Guyane|Martinique|Mayotte|Nouvelle-Calédonie|La Réunion|Polynésie Française|Saint-Barthélémy|Saint-Martin|Wallis-et-Futuna|Saint-Pierre-et-Miquelon
2021-10-09,Abolition de l'esclavage,Saint-Barthélémy
2021-11-01,Toussaint,Métropole|Alsace-Moselle|Guadeloupe|Guyane|Martinique|Mayotte|Nouvelle-Calédonie|La Réunion|Polynésie Française|Saint-Barthélémy|Saint-Martin|Wallis-et-Futuna|Saint-Pierre-et-Miquelon
2021-11-11,11 novembre,Métropole|Alsace-Moselle|Guadeloupe|Guyane|Martinique|Mayotte|Nouvelle-Calédonie|La Réunion|Polynésie Française|Saint-Barthélémy|Saint-Martin|Wallis-et-Futuna|Saint-Pierre-et-Miquelon
2021-12-20,Abolition de l'esclavage,La Réunion
2021-12-25,Jour de Noël,Métropole|Alsace-Moselle|Guadeloupe|Guyane|Martinique|Mayotte|Nouvelle-Calédonie|La Réunion|Polynésie Française|Saint-Barthélémy|Saint-Martin|Wallis-et-Futuna|Saint-Pierre-et-Miquelon
2021-12-26,2ème jour de Noël,Alsace-Moselle
2022-01-01,1er janvier,Métropole|Alsace-Moselle|Guadeloupe|Guyane|Martinique|Mayotte|Nouvelle-Calédonie|La Réunion|Polynésie Française|Saint-Barthélémy|Saint-Martin|Wallis-et-Futuna|Saint-Pierre-et-Miquelon
2022-04-15,Vendredi saint,Alsace-Moselle
2022-04-18,Lundi de Pâques,Métropole|Alsace-Moselle|Guadeloupe|Guyane|Martinique|Mayotte|Nouvelle-Calédonie|La Réunion|Polynésie Française|Saint-Barthélémy|Saint-Martin|Wallis-et-Futuna|Saint-Pierre-et-Miquelon
2022-04-27,Abolition de l'esclavage,Mayotte
2022-05-01,1er mai,Métropole|Alsace-Moselle|Guadeloupe|Guyane|Martinique|Mayotte|Nouvelle-Calédonie|La Réunion|Polynésie Française|Saint-Barthélémy|Saint-Martin|Wallis-et-Futuna|Saint-Pierre-et-Miquelon
2022-05-08,8 mai,Métropole|Alsace-Moselle|Guadeloupe|Guyane|Martinique|Mayotte|Nouvelle-Calédonie|La Réunion|Polynésie Française|Saint-Barthélémy|Saint-Martin|Wallis-et-Futuna|Saint-Pierre-et-Miquelon
2022-05-22,Abolition de l'esclavage,Martinique
2022-05-26,Ascension,Métropole|Alsace-Moselle|Guadeloupe|Guyane|Martinique|Mayotte|Nouvelle-Calédonie|La Réunion|Polynésie Française|Saint-Barthélémy|Saint-Martin|Wallis-et-Futuna|Saint-Pierre-et-Miquelon
2022-05-27,Abolition de l'esclavage,Guadeloupe
2022-05-28,Abolition de l'esclavage,Saint-Martin
2022-06-06,Lundi de Pentecôte,Métropole|Alsace-Moselle|Guadeloupe|Guyane|Martinique|Mayotte|Nouvelle-Calédonie|La Réunion|Polynésie Française|Saint-Barthélémy|Saint-Martin|Wallis-et-Futuna|Saint-Pierre-et-Miquelon
2022-06-10,Abolition de l'esclavage,Guyane
2022-07-14,14 juillet,Métropole|Alsace-Moselle|Guadeloupe|Guyane|Martinique|Mayotte|Nouvelle-Calédonie|La Réunion|Polynésie Française|Saint-Barthélémy|Saint-Martin|Wallis-et-Futuna|Saint-Pierre-et-Miquelon
2022-08-15,Assomption,Métropole|Alsace-Moselle|Guadeloupe|Guyane|Martinique|Mayotte|Nouvelle-Calédonie|La Réunion|Polynésie Française|Saint-Barthélémy|Saint-Martin|Wallis-et-Futuna|Saint-Pierre-et-Miquelon
2022-10-09,Abolition de l'esclavage,Saint-Barthélémy
2022-11-01,Toussaint,Métropole|Alsace-Moselle|Guadeloupe|Guyane|Martinique|Mayotte|Nouvelle-Calédonie|La Réunion|Polynésie Française|Saint-Barthélémy|Saint-Martin|Wallis-et-Futuna|Saint-Pierre-et-Miquelon
2022-11-11,11 novembre,Métropole|Alsace-Moselle|Guadeloupe|Guyane|Martinique|Mayotte|Nouvelle-Calédonie|La Réunion|Polynésie Française|Saint-Barthélémy|Saint-Martin|Wallis-et-Futuna|Saint-Pierre-et-Miquelon
2022-12-20,Abolition de l'esclavage,La Réunion
2022-12-25,Jour de Noël,Métropole|Alsace-Moselle|Guadeloupe|Guyane|Martinique|Mayotte|Nouvelle-Calédonie|La Réunion|Polynésie Française|Saint-Barthélémy|Saint-Martin|Wallis-et-Futuna|Saint-Pierre-et-Miquelon
2022-12-26,2ème jour de Noël,Alsace-Moselle
2023-01-01,1er janvier,Métropole|Alsace-Moselle|Guadeloupe|Guyane|Martinique|Mayotte|Nouvelle-Calédonie|La Réunion|Polynésie Française|Saint-Barthélémy|Saint-Martin|Wallis-et-Futuna|Saint-Pierre-et-Miquelon
2023-04-07,Vendredi saint,Alsace-Moselle
2023-04-10,Lundi de Pâques,Métropole|Alsace-Moselle|Guadeloupe|Guyane|Martinique|Mayotte|Nouvelle-Calédonie|La Réunion|Polynésie Française|Saint-Barthélémy|Saint-Martin|Wallis-et-Futuna|Saint-Pierre-et-Miquelon
2023-04-27,Abolition de l'esclavage,Mayotte
2023-05-01,1er mai,Métropole|Alsace-Moselle|Guadeloupe|Guyane|Martinique|Mayotte|Nouvelle-Calédonie|La Réunion|Polynésie Française|Saint-Barthélémy|Saint-Martin|Wallis-et-Futuna|Saint-Pierre-et-Miquelon
2023-05-08,8 mai,Métropole|Alsace-Moselle|Guadeloupe|Guyane|Martinique|Mayotte|Nouvelle-Calédonie|La Réunion|Polynésie Française|Saint-Barthélémy|Saint-Martin|Wallis-et-Futuna|Saint-Pierre-et-Miquelon
2023-05-18,Ascension,Métropole|Alsace-Moselle|Guadeloupe|Guyane|Martinique|Mayotte|Nouvelle-Calédonie|La Réunion|Polynésie Française|Saint-Barthélémy|Saint-Martin|Wallis-et-Futuna|Saint-Pierre-et-Miquelon
2023-05-22,Abolition de l'esclavage,Martinique
2023-05-27,Abolition de l'esclavage,Guadeloupe
2023-05-28,Abolition de l'esclavage,Saint-Martin
2023-05-29,Lundi de Pentecôte,Métropole|Alsace-Moselle|Guadeloupe|Guyane|Martinique|Mayotte|Nouvelle-Calédonie|La Réunion|Polynésie Française|Saint-Barthélémy|Saint-Martin|Wallis-et-Futuna|Saint-Pierre-et-Miquelon
2023-06-10,Abolition de l'esclavage,Guyane
2023-07-14,14 juillet,Métropole|Alsace-Moselle|Guadeloupe|Guyane|Martinique|Mayotte|Nouvelle-Calédonie|La Réunion|Polynésie Française|Saint-Barthélémy|Saint-Martin|Wallis-et-Futuna|Saint-Pierre-et-Miquelon
2023-08-15,Assomption,Métropole|Alsace-Moselle|Guadeloupe|Guyane|Martinique|Mayotte|Nouvelle-Calédonie|La Réunion|Polynésie Française|Saint-Barthélémy|Saint-Martin|Wallis-et-Futuna|Saint-Pierre-et-Miquelon
2023-10-09,Abolition de l'esclavage,Saint-Barthélémy
2023-11-01,Toussaint,Métropole|Alsace-Moselle|Guadeloupe|Guyane|Martinique|Mayotte|Nouvelle-Calédonie|La Réunion|Polynésie Française|Saint-Barthélémy|Saint-Martin|Wallis-et-Futuna|Saint-Pierre-et-Miquelon
2023-11-11,11 novembre,Métropole|Alsace-Moselle|Guadeloupe|Guyane|Martinique|Mayotte|Nouvelle-Calédonie|La Réunion|Polynésie Française|Saint-Barthélémy|Saint-Martin|Wallis-et-Futuna|Saint-Pierre-et-Miquelon
2023-12-20,Abolition de l'esclavage,La Réunion
2023-12-25,Jour de Noël,Métropole|Alsace-Moselle|Guadeloupe|Guyane|Martinique|Mayotte|Nouvelle-Calédonie|La Réunion|Polynésie Française|Saint-Barthélémy|Saint-Martin|Wallis-et-Futuna|Saint-Pierre-et-Miquelon
2023-12-26,2ème jour de Noël,Alsace-Moselle
2024-01-01,1er janvier,Métropole|Alsace-Moselle|Guadeloupe|Guyane|Martinique|Mayotte|Nouvelle-Calédonie|La Réunion|Polynésie Française|Saint-Barthélémy|Saint-Martin|Wallis-et-Futuna|Saint-Pierre-et-Miquelon
2024-03-29,Vendredi saint,Alsace-Moselle
2024-04-01,Lundi de Pâques,Métropole|Alsace-Moselle|Guadeloupe|Guyane|Martinique|Mayotte|Nouvelle-Calédonie|La Réunion|Polynésie Française|Saint-Barthélémy|Saint-Martin|Wallis-et-Futuna|Saint-Pierre-et-Miquelon
2024-04-27,Abolition de l'esclavage,Mayotte
2024-05-01,1er mai,Métropole|Alsace-Moselle|Guadeloupe|Guyane|Martinique|Mayotte|Nouvelle-Calédonie|La Réunion|Polynésie Française|Saint-Barthélémy|Saint-Martin|Wallis-et-Futuna|Saint-Pierre-et-Miquelon
2024-05-08,8 mai,Métropole|Alsace-Moselle|Guadeloupe|Guyane|Martinique|Mayotte|Nouvelle-Calédonie|La Réunion|Polynésie Française|Saint-Barthélémy|Saint-Martin|Wallis-et-Futuna|Saint-Pierre-et-Miquelon
2024-05-09,Ascension,Métropole|Alsace-Moselle|Guadeloupe|Guyane|Martinique|Mayotte|Nouvelle-Calédonie|La Réunion|Polynésie Française|Saint-Barthélémy|Saint-Martin|Wallis-et-Futuna|Saint-Pierre-et-Miquelon
2024-05-20,Lundi de Pentecôte,Métropole|Alsace-Moselle|Guadeloupe|Guyane|Martinique|Mayotte|Nouvelle-Calédonie|La Réunion|Polynésie Française|Saint-Barthélémy|Saint-Martin|Wallis-et-Futuna|Saint-Pierre-et-Miquelon
2024-05-22,Abolition de l'esclavage,Martinique
2024-05-27,Abolition de l'esclavage,Guadeloupe
2024-05-28,Abolition de l'esclavage,Saint-Martin
2024-06-10,Abolition de l'esclavage,Guyane
2024-07-14,14 juillet,Métropole|Alsace-Moselle|Guadeloupe|Guyane|Martinique|Mayotte|Nouvelle-Calédonie|La Réunion|Polynésie Française|Saint-Barthélémy|Saint-Martin|Wallis-et-Futuna|Saint-Pierre-et-Miquelon
2024-08-15,Assomption,Métropole|Alsace-Moselle|Guadeloupe|Guyane|Martinique|Mayotte|Nouvelle-Calédonie|La Réunion|Polynésie Française|Saint-Barthélémy|Saint-Martin|Wallis-et-Futuna|Saint-Pierre-et-Miquelon
2024-10-09,Abolition de l'esclavage,Saint-Barthélémy
2024-11-01,Toussaint,Métropole|Alsace-Moselle|Guadeloupe|Guyane|Martinique|Mayotte|Nouvelle-Calédonie|La Réunion|Polynésie Française|Saint-Barthélémy|Saint-Martin|Wallis-et-Futuna|Saint-Pierre-et-Miquelon
2024-11-11,11 novembre,Métropole|Alsace-Moselle|Guadeloupe|Guyane|Martinique|Mayotte|Nouvelle-Calédonie|La Réunion|Polynésie Française|Saint-Barthélémy|Saint-Martin|Wallis-et-Futuna|Saint-Pierre-et-Miquelon
2024-12-20,Abolition de l'esclavage,La Réunion
2024-12-25,Jour de Noël,Métropole|Alsace-Moselle|Guadeloupe|Guyane|Martinique|Mayotte|Nouvelle-Calédonie|La Réunion|Polynésie Française|Saint-Barthélémy|Saint-Martin|Wallis-et-Futuna|Saint-Pierre-et-Miquelon
2024-12-26,2ème jour de Noël,Alsace-Moselle
2025-01-01,1er janvier,Métropole|Alsace-Moselle|Guadeloupe|Guyane|Martinique|Mayotte|Nouvelle-Calédonie|La Réunion|Polynésie Française|Saint-Barthélémy|Saint-Martin|Wallis-et-Futuna|Saint-Pierre-et-Miquelon
2025-04-18,Vendredi saint,Alsace-Moselle
2025-04-21,Lundi de Pâques,Métropole|Alsace-Moselle|Guadeloupe|Guyane|Martinique|Mayotte|Nouvelle-Calédonie|La Réunion|Polynésie Française|Saint-Barthélémy|Saint-Martin|Wallis-et-Futuna|Saint-Pierre-et-Miquelon
2025-04-27,Abolition de l'esclavage,Mayotte
2025-05-01,1er mai,Métropole|Alsace-Moselle|Guadeloupe|Guyane|Martinique|Mayotte|Nouvelle-Calédonie|La Réunion|Polynésie Française|Saint-Barthélémy|Saint-Martin|Wallis-et-Futuna|Saint-Pierre-et-Miquelon
2025-05-08,8 mai,Métropole|Alsace-Moselle|Guadeloupe|Guyane|Martinique|Mayotte|Nouvelle-Calédonie|La Réunion|Polynésie Française|Saint-Barthélémy|Saint-Martin|Wallis-et-Futuna|Saint-Pierre-et-Miquelon
2025-05-22,Abolition de l'esclavage,Martinique
2025-05-27,Abolition de l'esclavage,Guadeloupe
2025-05-28,Abolition de l'esclavage,Saint-Martin
2025-05-29,Ascension,Métropole|Alsace-Moselle|Guadeloupe|Guyane|Martinique|Mayotte|Nouvelle-Calédonie|La Réunion|Polynésie Française|Saint-Barthélémy|Saint-Martin|Wallis-et-Futuna|Saint-Pierre-et-Miquelon
2025-06-09,Lundi de Pentecôte,Métropole|Alsace-Moselle|Guadeloupe|Guyane|Martinique|Mayotte|Nouvelle-Calédonie|La Réunion|Polynésie Française|Saint-Barthélémy|Saint-Martin|Wallis-et-Futuna|Saint-Pierre-et-Miquelon
2025-06-10,Abolition de l'esclavage,Guyane
2025-07-14,14 juillet,Métropole|Alsace-Moselle|Guadeloupe|Guyane|Martinique|Mayotte|Nouvelle-Calédonie|La Réunion|Polynésie Française|Saint-Barthélémy|Saint-Martin|Wallis-et-Futuna|Saint-Pierre-et-Miquelon
2025-08-15,Assomption,Métropole|Alsace-Moselle|Guadeloupe|Guyane|Martinique|Mayotte|Nouvelle-Calédonie|La Réunion|Polynésie Française|Saint-Barthélémy|Saint-Martin|Wallis-et-Futuna|Saint-Pierre-et-Miquelon
2025-10-09,Abolition de l'esclavage,Saint-Barthélémy
2025-11-01,Toussaint,Métropole|Alsace-Moselle|Guadeloupe|Guyane|Martinique|Mayotte|Nouvelle-Calédonie|La Réunion|Polynésie Française|Saint-Barthélémy|Saint-Martin|Wallis-et-Futuna|Saint-Pierre-et-Miquelon
2025-11-11,11 novembre,Métropole|Alsace-Moselle|Guadeloupe|Guyane|Martinique|Mayotte|Nouvelle-Calédonie|La Réunion|Polynésie Française|Saint-Barthélémy|Saint-Martin|Wallis-et-Futuna|Saint-Pierre-et-Miquelon
2025-12-20,Abolition de l'esclavage,La Réunion
2025-12-25,Jour de Noël,Métropole|Alsace-Moselle|Guadeloupe|Guyane|Martinique|Mayotte|Nouvelle-Calédonie|La Réunion|Polynésie Française|Saint-Barthélémy|Saint-Martin|Wallis-et-Futuna|Saint-Pierre-et-Miquelon
2025-12-26,2ème jour de Noël,Alsace-Moselle
2026-01-01,1er janvier,Métropole|Alsace-Moselle|Guadeloupe|Guyane|Martinique|Mayotte|Nouvelle-Calédonie|La Réunion|Polynésie Française|Saint-Barthélémy|Saint-Martin|Wallis-et-Futuna|Saint-Pierre-et-Miquelon
2026-04-03,Vendredi saint,Alsace-Moselle
2026-04-06,Lundi de Pâques,Métropole|Alsace-Moselle|Guadeloupe|Guyane|Martinique|Mayotte|Nouvelle-Calédonie|La Réunion|Polynésie Française|Saint-Barthélémy|Saint-Martin|Wallis-et-Futuna|Saint-Pierre-et-Miquelon
2026-04-27,Abolition de l'esclavage,Mayotte
2026-05-01,1er mai,Métropole|Alsace-Moselle|Guadeloupe|Guyane|Martinique|Mayotte|Nouvelle-Calédonie|La Réunion|Polynésie Française|Saint-Barthélémy|Saint-Martin|Wallis-et-Futuna|Saint-Pierre-et-Miquelon
2026-05-08,8 mai,Métropole|Alsace-Moselle|Guadeloupe|Guyane|Martinique|Mayotte|Nouvelle-Calédonie|La Réunion|Polynésie Française|Saint-Barthélémy|Saint-Martin|Wallis-et-Futuna|Saint-Pierre-et-Miquelon
2026-05-14,Ascension,Métropole|Alsace-Moselle|Guadeloupe|Guyane|Martinique|Mayotte|Nouvelle-Calédonie|La Réunion|Polynésie Française|Saint-Barthélémy|Saint-Martin|Wallis-et-Futuna|Saint-Pierre-et-Miquelon
2026-05-22,Abolition de l'esclavage,Martinique
2026-05-25,Lundi de Pentecôte,Métropole|Alsace-Moselle|Guadeloupe|Guyane|Martinique|Mayotte|Nouvelle-Calédonie|La Réunion|Polynésie Française|Saint-Barthélémy|Saint-Martin|Wallis-et-Futuna|Saint-Pierre-et-Miquelon
2026-05-27,Abolition de l'esclavage,Guadeloupe
2026-05-28,Abolition de l'esclavage,Saint-Martin
2026-06-10,Abolition de l'esclavage,Guyane
2026-07-14,14 juillet,Métropole|Alsace-Moselle|Guadeloupe|Guyane|Martinique|Mayotte|Nouvelle-Calédonie|La Réunion|Polynésie Française|Saint-Barthélémy|Saint-Martin|Wallis-et-Futuna|Saint-Pierre-et-Miquelon
2026-08-15,Assomption,Métropole|Alsace-Moselle|Guadeloupe|Guyane|Martinique|Mayotte|Nouvelle-Calédonie|La Réunion|Polynésie Française|Saint-Barthélémy|Saint-Martin|Wallis-et-Futuna|Saint-Pierre-et-Miquelon
2026-10-09,Abolition de l'esclavage,Saint-Barthélémy
2026-11-01,Toussaint,Métropole|Alsace-Moselle|Guadeloupe|Guyane|Martinique|Mayotte|Nouvelle-Calédonie|La Réunion|Polynésie Française|Saint-Barthélémy|Saint-Martin|Wallis-et-Futuna|Saint-Pierre-et-Miquelon
2026-11-11,11 novembre,Métropole|Alsace-Moselle|Guadeloupe|Guyane|Martinique|Mayotte|Nouvelle-Calédonie|La Réunion|Polynésie Française|Saint-Barthélémy|Saint-Martin|Wallis-et-Futuna|Saint-Pierre-et-Miquelon
2026-12-20,Abolition de l'esclavage,La Réunion
2026-12-25,Jour de Noël,Métropole|Alsace-Moselle|Guadeloupe|Guyane|Martinique|Mayotte|Nouvelle-Calédonie|La Réunion|Polynésie Française|Saint-Barthélémy|Saint-Martin|Wallis-et-Futuna|Saint-Pierre-et-Miquelon
2026-12-26,2ème jour de Noël,Alsace-Moselle
2027-01-01,1er janvier,Métropole|Alsace-Moselle|Guadeloupe|Guyane|Martinique|Mayotte|Nouvelle-Calédonie|La Réunion|Polynésie Française|Saint-Barthélémy|Saint-Martin|Wallis-et-Futuna|Saint-Pierre-et-Miquelon
2027-03-26,Vendredi saint,Alsace-Moselle
2027-03-29,Lundi de Pâques,Métropole|Alsace-Moselle|Guadeloupe|Guyane|Martinique|Mayotte|Nouvelle-Calédonie|La Réunion|Polynésie Française|Saint-Barthélémy|Saint-Martin|Wallis-et-Futuna|Saint-Pierre-et-Miquelon
2027-04-27,Abolition de l'esclavage,Mayotte
2027-05-01,1er mai,Métropole|Alsace-Moselle|Guadeloupe|Guyane|Martinique|Mayotte|Nouvelle-Calédonie|La Réunion|Polynésie Française|Saint-Barthélémy|Saint-Martin|Wallis-et-Futuna|Saint-Pierre-et-Miquelon
2027-05-06,Ascension,Métropole|Alsace-Moselle|Guadeloupe|Guyane|Martinique|Mayotte|Nouvelle-Calédonie|La Réunion|Polynésie Française|Saint-Barthélémy|Saint-Martin|Wallis-et-Futuna|Saint-Pierre-et-Miquelon
2027-05-08,8 mai,Métropole|Alsace-Moselle|Guadeloupe|Guyane|Martinique|Mayotte|Nouvelle-Calédonie|La Réunion|Polynésie Française|Saint-Barthélémy|Saint-Martin|Wallis-et-Futuna|Saint-Pierre-et-Miquelon
2027-05-17,Lundi de Pentecôte,Métropole|Alsace-Moselle|Guadeloupe|Guyane|Martinique|Mayotte|Nouvelle-Calédonie|La Réunion|Polynésie Française|Saint-Barthélémy|Saint-Martin|Wallis-et-Futuna|Saint-Pierre-et-Miquelon
2027-05-22,Abolition de l'esclavage,Martinique
2027-05-27,Abolition de l'esclavage,Guadeloupe
2027-05-28,Abolition de l'esclavage,Saint-Martin
2027-06-10,Abolition de l'esclavage,Guyane
2027-07-14,14 juillet,Métropole|Alsace-Moselle|Guadeloupe|Guyane|Martinique|Mayotte|Nouvelle-Calédonie|La Réunion|Polynésie Française|Saint-Barthélémy|Saint-Martin|Wallis-et-Futuna|Saint-Pierre-et-Miquelon
2027-08-15,Assomption,Métropole|Alsace-Moselle|Guadeloupe|Guyane|Martinique|Mayotte|Nouvelle-Calédonie|La Réunion|Polynésie Française|Saint-Barthélémy|Saint-Martin|Wallis-et-Futuna|Saint-Pierre-et-Miquelon
2027-10-09,Abolition de l'esclavage,Saint-Barthélémy
2027-11-01,Toussaint,Métropole|Alsace-Moselle|Guadeloupe|Guyane|Martinique|Mayotte|Nouvelle-Calédonie|La Réunion|Polynésie Française|Saint-Barthélémy|Saint-Martin|Wallis-et-Futuna|Saint-Pierre-et-Miquelon
2027-11-11,11 novembre,Métropole|Alsace-Moselle|Guadeloupe|Guyane|Martinique|Mayotte|Nouvelle-Calédonie|La Réunion|Polynésie Française|Saint-Barthélémy|Saint-Martin|Wallis-et-Futuna|Saint-Pierre-et-Miquelon
2027-12-20,Abolition de l'esclavage,La Réunion
2027-12-25,Jour de Noël,Métropole|Alsace-Moselle|Guadeloupe|Guyane|Martinique|Mayotte|Nouvelle-Calédonie|La Réunion|Polynésie Française|Saint-Barthélémy|Saint-Martin|Wallis-et-Futuna|Saint-Pierre-et-Miquelon
2027-12-26,2ème jour de Noël,Alsace-Moselle
